-- phpMyAdmin SQL Dump
-- version 4.1.14
-- http://www.phpmyadmin.net
--
-- Host: 127.0.0.1
-- Generation Time: Jul 25, 2018 at 12:01 PM
-- Server version: 5.6.17
-- PHP Version: 5.5.12

SET SQL_MODE = "NO_AUTO_VALUE_ON_ZERO";
SET time_zone = "+00:00";


/*!40101 SET @OLD_CHARACTER_SET_CLIENT=@@CHARACTER_SET_CLIENT */;
/*!40101 SET @OLD_CHARACTER_SET_RESULTS=@@CHARACTER_SET_RESULTS */;
/*!40101 SET @OLD_COLLATION_CONNECTION=@@COLLATION_CONNECTION */;
/*!40101 SET NAMES utf8 */;

--
-- Database: `academisto_db`
--

-- --------------------------------------------------------

--
-- Table structure for table `ads`
--

CREATE TABLE IF NOT EXISTS `ads` (
  `id` int(10) unsigned NOT NULL AUTO_INCREMENT,
  `user_id` int(11) NOT NULL,
  `title` varchar(191) CHARACTER SET utf8mb4 COLLATE utf8mb4_unicode_ci NOT NULL,
  `description` text CHARACTER SET utf8mb4 COLLATE utf8mb4_unicode_ci NOT NULL,
  `price` double(8,2) NOT NULL,
  `state_id` int(11) NOT NULL,
  `city_id` int(11) NOT NULL,
  `univ_id` int(11) NOT NULL,
  `created_at` timestamp NULL DEFAULT NULL,
  `updated_at` timestamp NULL DEFAULT NULL,
  `deleted_at` timestamp NULL DEFAULT NULL,
  PRIMARY KEY (`id`)
) ENGINE=InnoDB  DEFAULT CHARSET=utf8 AUTO_INCREMENT=12 ;

--
-- Dumping data for table `ads`
--

INSERT INTO `ads` (`id`, `user_id`, `title`, `description`, `price`, `state_id`, `city_id`, `univ_id`, `created_at`, `updated_at`, `deleted_at`) VALUES
(1, 1, 'this is a math book', 'this is Tomas math book', 5000.00, 1, 1, 0, '2018-06-30 19:30:00', '2018-07-24 09:01:17', NULL),
(2, 1, 'کتاب فیزیک', 'یک کتاب فیزیک برای فروس', 6000.00, 1, 1, 1, '2018-07-01 19:30:00', '2018-07-24 09:01:21', NULL),
(3, 1, 'کتاب ریاضی توماس', 'بسیار کتاب ترتمیزی میباشد لطفا با شمار 87394384 تماس بگیرید\r\n', 6000.00, 1, 1, 1, '2018-07-02 19:30:00', NULL, NULL),
(4, 1, 'کتاب فیزیک انیشتین', 'بسیار کتاب ترتمیزی میباشد لطفا با شمار 87394384 تماس بگیرید\r\n', 6000.00, 1, 1, 1, '2018-07-03 19:30:00', NULL, NULL),
(5, 1, 'کتاب شیمی انیشتین', 'بسیار کتاب ترتمیزی میباشد لطفا با شمار 87394384 تماس بگیرید\r\n', 6000.00, 1, 2, 1, '2018-07-04 19:30:00', NULL, NULL),
(6, 1, 'کتاب هنر انیشتین', 'لورم ایپسوم یا طرح‌نما (به انگلیسی: Lorem ipsum) به متنی آزمایشی و بی‌معنی در صنعت چاپ، صفحه‌آرایی و طراحی گرافیک گفته می‌شود. طراح گرافیک از این متن به عنوان عنصری از ترکیب بندی برای پر کردن صفحه و ارایه اولیه شکل ظاهری و کلی طرح سفارش گرفته شده استفاده می نماید، تا از نظر گرافیکی نشانگر چگونگی نوع و اندازه فونت و ظاهر متن باشد. معمولا طراحان گرافیک برای صفحه‌آرایی، نخست از متن‌های آزمایشی و بی‌معنی استفاده می‌کنند تا صرفا به مشتری یا صاحب کار خود نشان دهند که صفحه طراحی یا صفحه بندی شده بعد از اینکه متن در آن قرار گیرد چگونه به نظر می‌رسد و قلم‌ها و اندازه‌بندی‌ها چگونه در نظر گرفته شده‌است. از آنجایی که طراحان عموما نویسنده متن نیستند و وظیفه رعایت حق تکثیر متون را ندارند و در همان حال کار آنها به نوعی وابسته به متن می‌باشد آنها با استفاده از محتویات ساختگی، صفحه گرافیکی خود را صفحه‌آرایی می‌کنند تا مرحله طراحی و صفحه‌بندی را به پایان برند', 6000.00, 1, 2, 2, '2018-07-05 19:30:00', '2018-07-22 01:03:38', NULL),
(7, 1, 'title test', 'desc', 12000.00, 1, 2, 1, '2018-07-07 06:33:53', '2018-07-21 02:14:27', NULL),
(8, 1, 'test title', 'test description', 4500.00, 1, 1, 1, '2018-07-08 06:56:19', '2018-07-21 06:56:19', NULL),
(9, 1, 'test', 'test desc', 7000.00, 1, 1, 0, '2018-07-09 06:54:21', '2018-07-24 04:57:55', NULL),
(10, 1, 'new title', 'new description', 600000.00, 1, 16, 10, '2018-07-23 13:27:57', '2018-07-24 04:57:51', NULL),
(11, 1, 'fdfdfd', 'fdfdfdfdfdf de', 8000.00, 0, 0, 0, '2018-07-23 13:33:07', '2018-07-23 09:03:31', NULL);

-- --------------------------------------------------------

--
-- Table structure for table `chats`
--

CREATE TABLE IF NOT EXISTS `chats` (
  `id` int(10) unsigned NOT NULL AUTO_INCREMENT,
  `user_id_from` int(11) NOT NULL,
  `user_id_to` int(11) NOT NULL,
  `project_id` int(11) NOT NULL,
  `text` text CHARACTER SET utf8mb4 COLLATE utf8mb4_unicode_ci NOT NULL,
  `created_at` timestamp NULL DEFAULT NULL,
  `updated_at` timestamp NULL DEFAULT NULL,
  `deleted_at` timestamp NULL DEFAULT NULL,
  PRIMARY KEY (`id`)
) ENGINE=InnoDB  DEFAULT CHARSET=utf8 AUTO_INCREMENT=2 ;

--
-- Dumping data for table `chats`
--

INSERT INTO `chats` (`id`, `user_id_from`, `user_id_to`, `project_id`, `text`, `created_at`, `updated_at`, `deleted_at`) VALUES
(1, 3, 2, 1, 'hello.i am expert in java programming.please select me to write your program ', NULL, NULL, NULL);

-- --------------------------------------------------------

--
-- Table structure for table `cities`
--

CREATE TABLE IF NOT EXISTS `cities` (
  `id` int(10) unsigned NOT NULL AUTO_INCREMENT,
  `state_id` int(11) NOT NULL,
  `name` varchar(191) CHARACTER SET utf8mb4 COLLATE utf8mb4_unicode_ci NOT NULL,
  `created_at` timestamp NULL DEFAULT NULL,
  `updated_at` timestamp NULL DEFAULT NULL,
  `deleted_at` timestamp NULL DEFAULT NULL,
  PRIMARY KEY (`id`)
) ENGINE=InnoDB  DEFAULT CHARSET=utf8 AUTO_INCREMENT=1247 ;

--
-- Dumping data for table `cities`
--

INSERT INTO `cities` (`id`, `state_id`, `name`, `created_at`, `updated_at`, `deleted_at`) VALUES
(1, 1, 'آذرشهر', NULL, NULL, NULL),
(2, 1, 'تیمورلو', NULL, NULL, NULL),
(3, 1, 'گوگان', NULL, NULL, NULL),
(4, 1, 'ممقان', NULL, NULL, NULL),
(5, 1, 'اسکو', NULL, NULL, NULL),
(6, 1, 'ایلخچی', NULL, NULL, NULL),
(7, 1, 'سهند', NULL, NULL, NULL),
(8, 1, 'اهر', NULL, NULL, NULL),
(9, 1, 'هوراند', NULL, NULL, NULL),
(10, 1, 'بستان آباد', NULL, NULL, NULL),
(11, 1, 'تیکمه داش', NULL, NULL, NULL),
(12, 1, 'بناب', NULL, NULL, NULL),
(13, 1, 'باسمنج', NULL, NULL, NULL),
(14, 1, 'تبریز', NULL, NULL, NULL),
(15, 1, 'خسروشاه', NULL, NULL, NULL),
(16, 1, 'سردرود', NULL, NULL, NULL),
(17, 1, 'جلفا', NULL, NULL, NULL),
(18, 1, 'سیه رود', NULL, NULL, NULL),
(19, 1, 'هادیشهر', NULL, NULL, NULL),
(20, 1, 'قره آغاج', NULL, NULL, NULL),
(21, 1, 'خمارلو', NULL, NULL, NULL),
(22, 1, 'دوزدوزان', NULL, NULL, NULL),
(23, 1, 'سراب', NULL, NULL, NULL),
(24, 1, 'شربیان', NULL, NULL, NULL),
(25, 1, 'مهربان', NULL, NULL, NULL),
(26, 1, 'تسوج', NULL, NULL, NULL),
(27, 1, 'خامنه', NULL, NULL, NULL),
(28, 1, 'سیس', NULL, NULL, NULL),
(29, 1, 'شبستر', NULL, NULL, NULL),
(30, 1, 'شرفخانه', NULL, NULL, NULL),
(31, 1, 'شندآباد', NULL, NULL, NULL),
(32, 1, 'صوفیان', NULL, NULL, NULL),
(33, 1, 'کوزه کنان', NULL, NULL, NULL),
(34, 1, 'وایقان', NULL, NULL, NULL),
(35, 1, 'جوان قلعه', NULL, NULL, NULL),
(36, 1, 'عجب شیر', NULL, NULL, NULL),
(37, 1, 'آبش احمد', NULL, NULL, NULL),
(38, 1, 'کلیبر', NULL, NULL, NULL),
(39, 1, 'خداجو(خراجو)', NULL, NULL, NULL),
(40, 1, 'مراغه', NULL, NULL, NULL),
(41, 1, 'بناب مرند', NULL, NULL, NULL),
(42, 1, 'زنوز', NULL, NULL, NULL),
(43, 1, 'کشکسرای', NULL, NULL, NULL),
(44, 1, 'مرند', NULL, NULL, NULL),
(45, 1, 'یامچی', NULL, NULL, NULL),
(46, 1, 'لیلان', NULL, NULL, NULL),
(47, 1, 'مبارک شهر', NULL, NULL, NULL),
(48, 1, 'ملکان', NULL, NULL, NULL),
(49, 1, 'آقکند', NULL, NULL, NULL),
(50, 1, 'اچاچی', NULL, NULL, NULL),
(51, 1, 'ترک', NULL, NULL, NULL),
(52, 1, 'ترکمانچای', NULL, NULL, NULL),
(53, 1, 'میانه', NULL, NULL, NULL),
(54, 1, 'خاروانا', NULL, NULL, NULL),
(55, 1, 'ورزقان', NULL, NULL, NULL),
(56, 1, 'بخشایش', NULL, NULL, NULL),
(57, 1, 'خواجه', NULL, NULL, NULL),
(58, 1, 'زرنق', NULL, NULL, NULL),
(59, 1, 'کلوانق', NULL, NULL, NULL),
(60, 1, 'هریس', NULL, NULL, NULL),
(61, 1, 'نظرکهریزی', NULL, NULL, NULL),
(62, 1, 'هشترود', NULL, NULL, NULL),
(63, 2, 'ارومیه', NULL, NULL, NULL),
(64, 2, 'سرو', NULL, NULL, NULL),
(65, 2, 'سیلوانه', NULL, NULL, NULL),
(66, 2, 'قوشچی', NULL, NULL, NULL),
(67, 2, 'نوشین', NULL, NULL, NULL),
(68, 2, 'اشنویه', NULL, NULL, NULL),
(69, 2, 'نالوس', NULL, NULL, NULL),
(70, 2, 'بوکان', NULL, NULL, NULL),
(71, 2, 'سیمینه', NULL, NULL, NULL),
(72, 2, 'پلدشت', NULL, NULL, NULL),
(73, 2, 'نازک علیا', NULL, NULL, NULL),
(74, 2, 'پیرانشهر', NULL, NULL, NULL),
(75, 2, 'گردکشانه', NULL, NULL, NULL),
(76, 2, 'تکاب', NULL, NULL, NULL),
(77, 2, 'آواجیق', NULL, NULL, NULL),
(78, 2, 'سیه چشمه', NULL, NULL, NULL),
(79, 2, 'قره ضیاءالدین', NULL, NULL, NULL),
(80, 2, 'ایواوغلی', NULL, NULL, NULL),
(81, 2, 'خوی', NULL, NULL, NULL),
(82, 2, 'دیزج دیز', NULL, NULL, NULL),
(83, 2, 'زرآباد', NULL, NULL, NULL),
(84, 2, 'فیرورق', NULL, NULL, NULL),
(85, 2, 'قطور', NULL, NULL, NULL),
(86, 2, 'ربط', NULL, NULL, NULL),
(87, 2, 'سردشت', NULL, NULL, NULL),
(88, 2, 'میرآباد', NULL, NULL, NULL),
(89, 2, 'تازه شهر', NULL, NULL, NULL),
(90, 2, 'سلماس', NULL, NULL, NULL),
(91, 2, 'شاهین دژ', NULL, NULL, NULL),
(92, 2, 'کشاورز', NULL, NULL, NULL),
(93, 2, 'محمودآباد', NULL, NULL, NULL),
(94, 2, 'شوط', NULL, NULL, NULL),
(95, 2, 'مرگنلر', NULL, NULL, NULL),
(96, 2, 'بازرگان', NULL, NULL, NULL),
(97, 2, 'ماکو', NULL, NULL, NULL),
(98, 2, 'خلیفان', NULL, NULL, NULL),
(99, 2, 'مهاباد', NULL, NULL, NULL),
(100, 2, 'باروق', NULL, NULL, NULL),
(101, 2, 'چهاربرج', NULL, NULL, NULL),
(102, 2, 'میاندوآب', NULL, NULL, NULL),
(103, 2, 'محمدیار', NULL, NULL, NULL),
(104, 2, 'نقده', NULL, NULL, NULL),
(105, 3, 'اردبیل', NULL, NULL, NULL),
(106, 3, 'هیر', NULL, NULL, NULL),
(107, 3, 'بیله سوار', NULL, NULL, NULL),
(108, 3, 'جعفرآباد', NULL, NULL, NULL),
(109, 3, 'اسلام اباد', NULL, NULL, NULL),
(110, 3, 'اصلاندوز', NULL, NULL, NULL),
(111, 3, 'پارس آباد', NULL, NULL, NULL),
(112, 3, 'تازه کند', NULL, NULL, NULL),
(113, 3, 'خلخال', NULL, NULL, NULL),
(114, 3, 'کلور', NULL, NULL, NULL),
(115, 3, 'هشتجین', NULL, NULL, NULL),
(116, 3, 'سرعین', NULL, NULL, NULL),
(117, 3, 'گیوی', NULL, NULL, NULL),
(118, 3, 'تازه کندانگوت', NULL, NULL, NULL),
(119, 3, 'گرمی', NULL, NULL, NULL),
(120, 3, 'رضی', NULL, NULL, NULL),
(121, 3, 'فخراباد', NULL, NULL, NULL),
(122, 3, 'قصابه', NULL, NULL, NULL),
(123, 3, 'لاهرود', NULL, NULL, NULL),
(124, 3, 'مرادلو', NULL, NULL, NULL),
(125, 3, 'مشگین شهر', NULL, NULL, NULL),
(126, 3, 'آبی بیگلو', NULL, NULL, NULL),
(127, 3, 'عنبران', NULL, NULL, NULL),
(128, 3, 'نمین', NULL, NULL, NULL),
(129, 3, 'کوراییم', NULL, NULL, NULL),
(130, 3, 'نیر', NULL, NULL, NULL),
(131, 4, 'آران وبیدگل', NULL, NULL, NULL),
(132, 4, 'ابوزیدآباد', NULL, NULL, NULL),
(133, 4, 'سفیدشهر', NULL, NULL, NULL),
(134, 4, 'نوش آباد', NULL, NULL, NULL),
(135, 4, 'اردستان', NULL, NULL, NULL),
(136, 4, 'زواره', NULL, NULL, NULL),
(137, 4, 'مهاباد', NULL, NULL, NULL),
(138, 4, 'اژیه', NULL, NULL, NULL),
(139, 4, 'اصفهان', NULL, NULL, NULL),
(140, 4, 'بهارستان', NULL, NULL, NULL),
(141, 4, 'تودشک', NULL, NULL, NULL),
(142, 4, 'حسن اباد', NULL, NULL, NULL),
(143, 4, 'زیار', NULL, NULL, NULL),
(144, 4, 'سجزی', NULL, NULL, NULL),
(145, 4, 'قهجاورستان', NULL, NULL, NULL),
(146, 4, 'کوهپایه', NULL, NULL, NULL),
(147, 4, 'محمدآباد', NULL, NULL, NULL),
(148, 4, 'نصرآباد', NULL, NULL, NULL),
(149, 4, 'نیک آباد', NULL, NULL, NULL),
(150, 4, 'ورزنه', NULL, NULL, NULL),
(151, 4, 'هرند', NULL, NULL, NULL),
(152, 4, 'حبیب آباد', NULL, NULL, NULL),
(153, 4, 'خورزوق', NULL, NULL, NULL),
(154, 4, 'دستگرد', NULL, NULL, NULL),
(155, 4, 'دولت آباد', NULL, NULL, NULL),
(156, 4, 'سین', NULL, NULL, NULL),
(157, 4, 'شاپورآباد', NULL, NULL, NULL),
(158, 4, 'کمشچه', NULL, NULL, NULL),
(159, 4, 'افوس', NULL, NULL, NULL),
(160, 4, 'بویین ومیاندشت', NULL, NULL, NULL),
(161, 4, 'تیران', NULL, NULL, NULL),
(162, 4, 'رضوانشهر', NULL, NULL, NULL),
(163, 4, 'عسگران', NULL, NULL, NULL),
(164, 4, 'چادگان', NULL, NULL, NULL),
(165, 4, 'رزوه', NULL, NULL, NULL),
(166, 4, 'اصغرآباد', NULL, NULL, NULL),
(167, 4, 'خمینی شهر', NULL, NULL, NULL),
(168, 4, 'درچه', NULL, NULL, NULL),
(169, 4, 'کوشک', NULL, NULL, NULL),
(170, 4, 'خوانسار', NULL, NULL, NULL),
(171, 4, 'جندق', NULL, NULL, NULL),
(172, 4, 'خور', NULL, NULL, NULL),
(173, 4, 'فرخی', NULL, NULL, NULL),
(174, 4, 'دهاقان', NULL, NULL, NULL),
(175, 4, 'گلشن', NULL, NULL, NULL),
(176, 4, 'حنا', NULL, NULL, NULL),
(177, 4, 'سمیرم', NULL, NULL, NULL),
(178, 4, 'کمه', NULL, NULL, NULL),
(179, 4, 'ونک', NULL, NULL, NULL),
(180, 4, 'شاهین شهر', NULL, NULL, NULL),
(181, 4, 'گرگاب', NULL, NULL, NULL),
(182, 4, 'گزبرخوار', NULL, NULL, NULL),
(183, 4, 'لای بید', NULL, NULL, NULL),
(184, 4, 'میمه', NULL, NULL, NULL),
(185, 4, 'وزوان', NULL, NULL, NULL),
(186, 4, 'شهرضا', NULL, NULL, NULL),
(187, 4, 'منظریه', NULL, NULL, NULL),
(188, 4, 'داران', NULL, NULL, NULL),
(189, 4, 'دامنه', NULL, NULL, NULL),
(190, 4, 'برف انبار', NULL, NULL, NULL),
(191, 4, 'فریدونشهر', NULL, NULL, NULL),
(192, 4, 'ابریشم', NULL, NULL, NULL),
(193, 4, 'ایمانشهر', NULL, NULL, NULL),
(194, 4, 'بهاران شهر', NULL, NULL, NULL),
(195, 4, 'پیربکران', NULL, NULL, NULL),
(196, 4, 'زازران', NULL, NULL, NULL),
(197, 4, 'فلاورجان', NULL, NULL, NULL),
(198, 4, 'قهدریجان', NULL, NULL, NULL),
(199, 4, 'کلیشادوسودرجان', NULL, NULL, NULL),
(200, 4, 'برزک', NULL, NULL, NULL),
(201, 4, 'جوشقان قالی', NULL, NULL, NULL),
(202, 4, 'قمصر', NULL, NULL, NULL),
(203, 4, 'کاشان', NULL, NULL, NULL),
(204, 4, 'کامو و چوگان', NULL, NULL, NULL),
(205, 4, 'مشکات', NULL, NULL, NULL),
(206, 4, 'نیاسر', NULL, NULL, NULL),
(207, 4, 'گلپایگان', NULL, NULL, NULL),
(208, 4, 'گلشهر', NULL, NULL, NULL),
(209, 4, 'گوگد', NULL, NULL, NULL),
(210, 4, 'باغ بهادران', NULL, NULL, NULL),
(211, 4, 'باغشاد', NULL, NULL, NULL),
(212, 4, 'چرمهین', NULL, NULL, NULL),
(213, 4, 'چمگردان', NULL, NULL, NULL),
(214, 4, 'زاینده رود', NULL, NULL, NULL),
(215, 4, 'زرین شهر', NULL, NULL, NULL),
(216, 4, 'سده لنجان', NULL, NULL, NULL),
(217, 4, 'فولادشهر', NULL, NULL, NULL),
(218, 4, 'ورنامخواست', NULL, NULL, NULL),
(219, 4, 'دیزیچه', NULL, NULL, NULL),
(220, 4, 'زیباشهر', NULL, NULL, NULL),
(221, 4, 'طالخونچه', NULL, NULL, NULL),
(222, 4, 'کرکوند', NULL, NULL, NULL),
(223, 4, 'مبارکه', NULL, NULL, NULL),
(224, 4, 'مجلسی', NULL, NULL, NULL),
(225, 4, 'انارک', NULL, NULL, NULL),
(226, 4, 'بافران', NULL, NULL, NULL),
(227, 4, 'نایین', NULL, NULL, NULL),
(228, 4, 'جوزدان', NULL, NULL, NULL),
(229, 4, 'دهق', NULL, NULL, NULL),
(230, 4, 'علویجه', NULL, NULL, NULL),
(231, 4, 'کهریزسنگ', NULL, NULL, NULL),
(232, 4, 'گلدشت', NULL, NULL, NULL),
(233, 4, 'نجف آباد', NULL, NULL, NULL),
(234, 4, 'بادرود', NULL, NULL, NULL),
(235, 4, 'خالدآباد', NULL, NULL, NULL),
(236, 4, 'طرق رود', NULL, NULL, NULL),
(237, 4, 'نطنز', NULL, NULL, NULL),
(238, 5, 'اشتهارد', NULL, NULL, NULL),
(239, 5, 'چهارباغ', NULL, NULL, NULL),
(240, 5, 'شهرجدیدهشتگرد', NULL, NULL, NULL),
(241, 5, 'کوهسار', NULL, NULL, NULL),
(242, 5, 'گلسار', NULL, NULL, NULL),
(243, 5, 'هشتگرد', NULL, NULL, NULL),
(244, 5, 'طالقان', NULL, NULL, NULL),
(245, 5, 'فردیس', NULL, NULL, NULL),
(246, 5, 'مشکین دشت', NULL, NULL, NULL),
(247, 5, 'آسارا', NULL, NULL, NULL),
(248, 5, 'کرج', NULL, NULL, NULL),
(249, 5, 'کمال شهر', NULL, NULL, NULL),
(250, 5, 'گرمدره', NULL, NULL, NULL),
(251, 5, 'ماهدشت', NULL, NULL, NULL),
(252, 5, 'محمدشهر', NULL, NULL, NULL),
(253, 5, 'تنکمان', NULL, NULL, NULL),
(254, 5, 'نظرآباد', NULL, NULL, NULL),
(255, 6, 'آبدانان', NULL, NULL, NULL),
(256, 6, 'سراب باغ', NULL, NULL, NULL),
(257, 6, 'مورموری', NULL, NULL, NULL),
(258, 6, 'ایلام', NULL, NULL, NULL),
(259, 6, 'چوار', NULL, NULL, NULL),
(260, 6, 'ایوان', NULL, NULL, NULL),
(261, 6, 'زرنه', NULL, NULL, NULL),
(262, 6, 'بدره', NULL, NULL, NULL),
(263, 6, 'آسمان آباد', NULL, NULL, NULL),
(264, 6, 'بلاوه', NULL, NULL, NULL),
(265, 6, 'توحید', NULL, NULL, NULL),
(266, 6, 'سرابله', NULL, NULL, NULL),
(267, 6, 'شباب', NULL, NULL, NULL),
(268, 6, 'دره شهر', NULL, NULL, NULL),
(269, 6, 'ماژین', NULL, NULL, NULL),
(270, 6, 'پهله', NULL, NULL, NULL),
(271, 6, 'دهلران', NULL, NULL, NULL),
(272, 6, 'موسیان', NULL, NULL, NULL),
(273, 6, 'میمه', NULL, NULL, NULL),
(274, 6, 'لومار', NULL, NULL, NULL),
(275, 6, 'ارکواز', NULL, NULL, NULL),
(276, 6, 'دلگشا', NULL, NULL, NULL),
(277, 6, 'مهر', NULL, NULL, NULL),
(278, 6, 'صالح آباد', NULL, NULL, NULL),
(279, 6, 'مهران', NULL, NULL, NULL),
(280, 7, 'بوشهر', NULL, NULL, NULL),
(281, 7, 'چغادک', NULL, NULL, NULL),
(282, 7, 'خارک', NULL, NULL, NULL),
(283, 7, 'عالی شهر', NULL, NULL, NULL),
(284, 7, 'آباد', NULL, NULL, NULL),
(285, 7, 'اهرم', NULL, NULL, NULL),
(286, 7, 'دلوار', NULL, NULL, NULL),
(287, 7, 'انارستان', NULL, NULL, NULL),
(288, 7, 'جم', NULL, NULL, NULL),
(289, 7, 'ریز', NULL, NULL, NULL),
(290, 7, 'آب پخش', NULL, NULL, NULL),
(291, 7, 'برازجان', NULL, NULL, NULL),
(292, 7, 'بوشکان', NULL, NULL, NULL),
(293, 7, 'تنگ ارم', NULL, NULL, NULL),
(294, 7, 'دالکی', NULL, NULL, NULL),
(295, 7, 'سعد آباد', NULL, NULL, NULL),
(296, 7, 'شبانکاره', NULL, NULL, NULL),
(297, 7, 'کلمه', NULL, NULL, NULL),
(298, 7, 'وحدتیه', NULL, NULL, NULL),
(299, 7, 'بادوله', NULL, NULL, NULL),
(300, 7, 'خورموج', NULL, NULL, NULL),
(301, 7, 'شنبه', NULL, NULL, NULL),
(302, 7, 'کاکی', NULL, NULL, NULL),
(303, 7, 'آبدان', NULL, NULL, NULL),
(304, 7, 'بردخون', NULL, NULL, NULL),
(305, 7, 'بردستان', NULL, NULL, NULL),
(306, 7, 'بندردیر', NULL, NULL, NULL),
(307, 7, 'دوراهک', NULL, NULL, NULL),
(308, 7, 'امام حسن', NULL, NULL, NULL),
(309, 7, 'بندردیلم', NULL, NULL, NULL),
(310, 7, 'عسلویه', NULL, NULL, NULL),
(311, 7, 'نخل تقی', NULL, NULL, NULL),
(312, 7, 'بندرکنگان', NULL, NULL, NULL),
(313, 7, 'بنک', NULL, NULL, NULL),
(314, 7, 'سیراف', NULL, NULL, NULL),
(315, 7, 'بندرریگ', NULL, NULL, NULL),
(316, 7, 'بندرگناوه', NULL, NULL, NULL),
(317, 8, 'احمد آباد مستوفی', NULL, NULL, NULL),
(318, 8, 'اسلامشهر', NULL, NULL, NULL),
(319, 8, 'چهاردانگه', NULL, NULL, NULL),
(320, 8, 'صالحیه', NULL, NULL, NULL),
(321, 8, 'گلستان', NULL, NULL, NULL),
(322, 8, 'نسیم شهر', NULL, NULL, NULL),
(323, 8, 'پاکدشت', NULL, NULL, NULL),
(324, 8, 'شریف آباد', NULL, NULL, NULL),
(325, 8, 'فرون اباد', NULL, NULL, NULL),
(326, 8, 'بومهن', NULL, NULL, NULL),
(327, 8, 'پردیس', NULL, NULL, NULL),
(328, 8, 'پیشوا', NULL, NULL, NULL),
(329, 8, 'تهران', NULL, NULL, NULL),
(330, 8, 'آبسرد', NULL, NULL, NULL),
(331, 8, 'آبعلی', NULL, NULL, NULL),
(332, 8, 'دماوند', NULL, NULL, NULL),
(333, 8, 'رودهن', NULL, NULL, NULL),
(334, 8, 'کیلان', NULL, NULL, NULL),
(335, 8, 'پرند', NULL, NULL, NULL),
(336, 8, 'رباطکریم', NULL, NULL, NULL),
(337, 8, 'نصیرشهر', NULL, NULL, NULL),
(338, 8, 'باقرشهر', NULL, NULL, NULL),
(339, 8, 'حسن آباد', NULL, NULL, NULL),
(340, 8, 'ری', NULL, NULL, NULL),
(341, 8, 'کهریزک', NULL, NULL, NULL),
(342, 8, 'تجریش', NULL, NULL, NULL),
(343, 8, 'شمشک', NULL, NULL, NULL),
(344, 8, 'فشم', NULL, NULL, NULL),
(345, 8, 'لواسان', NULL, NULL, NULL),
(346, 8, 'اندیشه', NULL, NULL, NULL),
(347, 8, 'باغستان', NULL, NULL, NULL),
(348, 8, 'شاهدشهر', NULL, NULL, NULL),
(349, 8, 'شهریار', NULL, NULL, NULL),
(350, 8, 'صباشهر', NULL, NULL, NULL),
(351, 8, 'فردوسیه', NULL, NULL, NULL),
(352, 8, 'وحیدیه', NULL, NULL, NULL),
(353, 8, 'ارجمند', NULL, NULL, NULL),
(354, 8, 'فیروزکوه', NULL, NULL, NULL),
(355, 8, 'قدس', NULL, NULL, NULL),
(356, 8, 'قرچک', NULL, NULL, NULL),
(357, 8, 'صفادشت', NULL, NULL, NULL),
(358, 8, 'ملارد', NULL, NULL, NULL),
(359, 8, 'جوادآباد', NULL, NULL, NULL),
(360, 8, 'ورامین', NULL, NULL, NULL),
(361, 9, 'اردل', NULL, NULL, NULL),
(362, 9, 'دشتک', NULL, NULL, NULL),
(363, 9, 'سرخون', NULL, NULL, NULL),
(364, 9, 'کاج', NULL, NULL, NULL),
(365, 9, 'بروجن', NULL, NULL, NULL),
(366, 9, 'بلداجی', NULL, NULL, NULL),
(367, 9, 'سفیددشت', NULL, NULL, NULL),
(368, 9, 'فرادبنه', NULL, NULL, NULL),
(369, 9, 'گندمان', NULL, NULL, NULL),
(370, 9, 'نقنه', NULL, NULL, NULL),
(371, 9, 'بن', NULL, NULL, NULL),
(372, 9, 'وردنجان', NULL, NULL, NULL),
(373, 9, 'سامان', NULL, NULL, NULL),
(374, 9, 'سودجان', NULL, NULL, NULL),
(375, 9, 'سورشجان', NULL, NULL, NULL),
(376, 9, 'شهرکرد', NULL, NULL, NULL),
(377, 9, 'طاقانک', NULL, NULL, NULL),
(378, 9, 'فرخ شهر', NULL, NULL, NULL),
(379, 9, 'کیان', NULL, NULL, NULL),
(380, 9, 'نافچ', NULL, NULL, NULL),
(381, 9, 'هارونی', NULL, NULL, NULL),
(382, 9, 'هفشجان', NULL, NULL, NULL),
(383, 9, 'باباحیدر', NULL, NULL, NULL),
(384, 9, 'پردنجان', NULL, NULL, NULL),
(385, 9, 'جونقان', NULL, NULL, NULL),
(386, 9, 'چلیچه', NULL, NULL, NULL),
(387, 9, 'فارسان', NULL, NULL, NULL),
(388, 9, 'گوجان', NULL, NULL, NULL),
(389, 9, 'بازفت', NULL, NULL, NULL),
(390, 9, 'چلگرد', NULL, NULL, NULL),
(391, 9, 'صمصامی', NULL, NULL, NULL),
(392, 9, 'دستنا', NULL, NULL, NULL),
(393, 9, 'شلمزار', NULL, NULL, NULL),
(394, 9, 'گهرو', NULL, NULL, NULL),
(395, 9, 'ناغان', NULL, NULL, NULL),
(396, 9, 'آلونی', NULL, NULL, NULL),
(397, 9, 'سردشت', NULL, NULL, NULL),
(398, 9, 'لردگان', NULL, NULL, NULL),
(399, 9, 'مال خلیفه', NULL, NULL, NULL),
(400, 9, 'منج', NULL, NULL, NULL),
(401, 10, 'ارسک', NULL, NULL, NULL),
(402, 10, 'بشرویه', NULL, NULL, NULL),
(403, 10, 'بیرجند', NULL, NULL, NULL),
(404, 10, 'خوسف', NULL, NULL, NULL),
(405, 10, 'محمدشهر', NULL, NULL, NULL),
(406, 10, 'اسدیه', NULL, NULL, NULL),
(407, 10, 'طبس مسینا', NULL, NULL, NULL),
(408, 10, 'قهستان', NULL, NULL, NULL),
(409, 10, 'گزیک', NULL, NULL, NULL),
(410, 10, 'حاجی آباد', NULL, NULL, NULL),
(411, 10, 'زهان', NULL, NULL, NULL),
(412, 10, 'آیسک', NULL, NULL, NULL),
(413, 10, 'سرایان', NULL, NULL, NULL),
(414, 10, 'سه قلعه', NULL, NULL, NULL),
(415, 10, 'سربیشه', NULL, NULL, NULL),
(416, 10, 'مود', NULL, NULL, NULL),
(417, 10, 'دیهوک', NULL, NULL, NULL),
(418, 10, 'طبس', NULL, NULL, NULL),
(419, 10, 'عشق آباد', NULL, NULL, NULL),
(420, 10, 'اسلامیه', NULL, NULL, NULL),
(421, 10, 'فردوس', NULL, NULL, NULL),
(422, 10, 'آرین شهر', NULL, NULL, NULL),
(423, 10, 'اسفدن', NULL, NULL, NULL),
(424, 10, 'خضری دشت بیاض', NULL, NULL, NULL),
(425, 10, 'قاین', NULL, NULL, NULL),
(426, 10, 'نیمبلوک', NULL, NULL, NULL),
(427, 10, 'شوسف', NULL, NULL, NULL),
(428, 10, 'نهبندان', NULL, NULL, NULL),
(429, 11, 'باخرز', NULL, NULL, NULL),
(430, 11, 'بجستان', NULL, NULL, NULL),
(431, 11, 'یونسی', NULL, NULL, NULL),
(432, 11, 'انابد', NULL, NULL, NULL),
(433, 11, 'بردسکن', NULL, NULL, NULL),
(434, 11, 'شهراباد', NULL, NULL, NULL),
(435, 11, 'شاندیز', NULL, NULL, NULL),
(436, 11, 'طرقبه', NULL, NULL, NULL),
(437, 11, 'تایباد', NULL, NULL, NULL),
(438, 11, 'کاریز', NULL, NULL, NULL),
(439, 11, 'مشهدریزه', NULL, NULL, NULL),
(440, 11, 'احمدابادصولت', NULL, NULL, NULL),
(441, 11, 'تربت جام', NULL, NULL, NULL),
(442, 11, 'صالح آباد', NULL, NULL, NULL),
(443, 11, 'نصرآباد', NULL, NULL, NULL),
(444, 11, 'نیل شهر', NULL, NULL, NULL),
(445, 11, 'بایک', NULL, NULL, NULL),
(446, 11, 'تربت حیدریه', NULL, NULL, NULL),
(447, 11, 'رباط سنگ', NULL, NULL, NULL),
(448, 11, 'کدکن', NULL, NULL, NULL),
(449, 11, 'جغتای', NULL, NULL, NULL),
(450, 11, 'نقاب', NULL, NULL, NULL),
(451, 11, 'چناران', NULL, NULL, NULL),
(452, 11, 'گلبهار', NULL, NULL, NULL),
(453, 11, 'گلمکان', NULL, NULL, NULL),
(454, 11, 'خلیل آباد', NULL, NULL, NULL),
(455, 11, 'کندر', NULL, NULL, NULL),
(456, 11, 'خواف', NULL, NULL, NULL),
(457, 11, 'سلامی', NULL, NULL, NULL),
(458, 11, 'سنگان', NULL, NULL, NULL),
(459, 11, 'قاسم آباد', NULL, NULL, NULL),
(460, 11, 'نشتیفان', NULL, NULL, NULL),
(461, 11, 'سلطان آباد', NULL, NULL, NULL),
(462, 11, 'داورزن', NULL, NULL, NULL),
(463, 11, 'چاپشلو', NULL, NULL, NULL),
(464, 11, 'درگز', NULL, NULL, NULL),
(465, 11, 'لطف آباد', NULL, NULL, NULL),
(466, 11, 'نوخندان', NULL, NULL, NULL),
(467, 11, 'جنگل', NULL, NULL, NULL),
(468, 11, 'رشتخوار', NULL, NULL, NULL),
(469, 11, 'دولت آباد', NULL, NULL, NULL),
(470, 11, 'روداب', NULL, NULL, NULL),
(471, 11, 'سبزوار', NULL, NULL, NULL),
(472, 11, 'ششتمد', NULL, NULL, NULL),
(473, 11, 'سرخس', NULL, NULL, NULL),
(474, 11, 'مزدآوند', NULL, NULL, NULL),
(475, 11, 'سفیدسنگ', NULL, NULL, NULL),
(476, 11, 'فرهادگرد', NULL, NULL, NULL),
(477, 11, 'فریمان', NULL, NULL, NULL),
(478, 11, 'قلندرآباد', NULL, NULL, NULL),
(479, 11, 'فیروزه', NULL, NULL, NULL),
(480, 11, 'همت آباد', NULL, NULL, NULL),
(481, 11, 'باجگیران', NULL, NULL, NULL),
(482, 11, 'قوچان', NULL, NULL, NULL),
(483, 11, 'ریوش', NULL, NULL, NULL),
(484, 11, 'کاشمر', NULL, NULL, NULL),
(485, 11, 'شهرزو', NULL, NULL, NULL),
(486, 11, 'کلات', NULL, NULL, NULL),
(487, 11, 'بیدخت', NULL, NULL, NULL),
(488, 11, 'کاخک', NULL, NULL, NULL),
(489, 11, 'گناباد', NULL, NULL, NULL),
(490, 11, 'رضویه', NULL, NULL, NULL),
(491, 11, 'مشهد', NULL, NULL, NULL),
(492, 11, 'مشهد ثامن', NULL, NULL, NULL),
(493, 11, 'ملک آباد', NULL, NULL, NULL),
(494, 11, 'شادمهر', NULL, NULL, NULL),
(495, 11, 'فیض آباد', NULL, NULL, NULL),
(496, 11, 'بار', NULL, NULL, NULL),
(497, 11, 'چکنه', NULL, NULL, NULL),
(498, 11, 'خرو', NULL, NULL, NULL),
(499, 11, 'درود', NULL, NULL, NULL),
(500, 11, 'عشق آباد', NULL, NULL, NULL),
(501, 11, 'قدمگاه', NULL, NULL, NULL),
(502, 11, 'نیشابور', NULL, NULL, NULL),
(503, 12, 'اسفراین', NULL, NULL, NULL),
(504, 12, 'صفی آباد', NULL, NULL, NULL),
(505, 12, 'بجنورد', NULL, NULL, NULL),
(506, 12, 'چناران شهر', NULL, NULL, NULL),
(507, 12, 'حصارگرمخان', NULL, NULL, NULL),
(508, 12, 'جاجرم', NULL, NULL, NULL),
(509, 12, 'سنخواست', NULL, NULL, NULL),
(510, 12, 'شوقان', NULL, NULL, NULL),
(511, 12, 'راز', NULL, NULL, NULL),
(512, 12, 'زیارت', NULL, NULL, NULL),
(513, 12, 'شیروان', NULL, NULL, NULL),
(514, 12, 'قوشخانه', NULL, NULL, NULL),
(515, 12, 'لوجلی', NULL, NULL, NULL),
(516, 12, 'تیتکانلو', NULL, NULL, NULL),
(517, 12, 'فاروج', NULL, NULL, NULL),
(518, 12, 'ایور', NULL, NULL, NULL),
(519, 12, 'درق', NULL, NULL, NULL),
(520, 12, 'گرمه', NULL, NULL, NULL),
(521, 12, 'آشخانه', NULL, NULL, NULL),
(522, 12, 'آوا', NULL, NULL, NULL),
(523, 12, 'پیش قلعه', NULL, NULL, NULL),
(524, 12, 'قاضی', NULL, NULL, NULL),
(525, 13, 'آبادان', NULL, NULL, NULL),
(526, 13, 'اروندکنار', NULL, NULL, NULL),
(527, 13, 'چویبده', NULL, NULL, NULL),
(528, 13, 'آغاجاری', NULL, NULL, NULL),
(529, 13, 'امیدیه', NULL, NULL, NULL),
(530, 13, 'جایزان', NULL, NULL, NULL),
(531, 13, 'آبژدان', NULL, NULL, NULL),
(532, 13, 'قلعه خواجه', NULL, NULL, NULL),
(533, 13, 'آزادی', NULL, NULL, NULL),
(534, 13, 'اندیمشک', NULL, NULL, NULL),
(535, 13, 'بیدروبه', NULL, NULL, NULL),
(536, 13, 'چم گلک', NULL, NULL, NULL),
(537, 13, 'حسینیه', NULL, NULL, NULL),
(538, 13, 'الهایی', NULL, NULL, NULL),
(539, 13, 'اهواز', NULL, NULL, NULL),
(540, 13, 'ایذه', NULL, NULL, NULL),
(541, 13, 'دهدز', NULL, NULL, NULL),
(542, 13, 'باغ ملک', NULL, NULL, NULL),
(543, 13, 'صیدون', NULL, NULL, NULL),
(544, 13, 'قلعه تل', NULL, NULL, NULL),
(545, 13, 'میداود', NULL, NULL, NULL),
(546, 13, 'شیبان', NULL, NULL, NULL),
(547, 13, 'ملاثانی', NULL, NULL, NULL),
(548, 13, 'ویس', NULL, NULL, NULL),
(549, 13, 'بندرامام خمینی', NULL, NULL, NULL),
(550, 13, 'بندرماهشهر', NULL, NULL, NULL),
(551, 13, 'چمران', NULL, NULL, NULL),
(552, 13, 'بهبهان', NULL, NULL, NULL),
(553, 13, 'تشان', NULL, NULL, NULL),
(554, 13, 'سردشت', NULL, NULL, NULL),
(555, 13, 'منصوریه', NULL, NULL, NULL),
(556, 13, 'حمیدیه', NULL, NULL, NULL),
(557, 13, 'خرمشهر', NULL, NULL, NULL),
(558, 13, 'مقاومت', NULL, NULL, NULL),
(559, 13, 'مینوشهر', NULL, NULL, NULL),
(560, 13, 'چغامیش', NULL, NULL, NULL),
(561, 13, 'حمزه', NULL, NULL, NULL),
(562, 13, 'دزفول', NULL, NULL, NULL),
(563, 13, 'سالند', NULL, NULL, NULL),
(564, 13, 'سیاه منصور', NULL, NULL, NULL),
(565, 13, 'شمس آباد', NULL, NULL, NULL),
(566, 13, 'شهر امام', NULL, NULL, NULL),
(567, 13, 'صفی آباد', NULL, NULL, NULL),
(568, 13, 'میانرود', NULL, NULL, NULL),
(569, 13, 'ابوحمیظه', NULL, NULL, NULL),
(570, 13, 'بستان', NULL, NULL, NULL),
(571, 13, 'سوسنگرد', NULL, NULL, NULL),
(572, 13, 'کوت سیدنعیم', NULL, NULL, NULL),
(573, 13, 'رامشیر', NULL, NULL, NULL),
(574, 13, 'مشراگه', NULL, NULL, NULL),
(575, 13, 'رامهرمز', NULL, NULL, NULL),
(576, 13, 'خنافره', NULL, NULL, NULL),
(577, 13, 'دارخوین', NULL, NULL, NULL),
(578, 13, 'شادگان', NULL, NULL, NULL),
(579, 13, 'الوان', NULL, NULL, NULL),
(580, 13, 'حر', NULL, NULL, NULL),
(581, 13, 'شاوور', NULL, NULL, NULL),
(582, 13, 'شوش', NULL, NULL, NULL),
(583, 13, 'فتح المبین', NULL, NULL, NULL),
(584, 13, 'سرداران', NULL, NULL, NULL),
(585, 13, 'شرافت', NULL, NULL, NULL),
(586, 13, 'شوشتر', NULL, NULL, NULL),
(587, 13, 'گوریه', NULL, NULL, NULL),
(588, 13, 'کوت عبداله', NULL, NULL, NULL),
(589, 13, 'ترکالکی', NULL, NULL, NULL),
(590, 13, 'جنت مکان', NULL, NULL, NULL),
(591, 13, 'سماله', NULL, NULL, NULL),
(592, 13, 'صالح شهر', NULL, NULL, NULL),
(593, 13, 'گتوند', NULL, NULL, NULL),
(594, 13, 'لالی', NULL, NULL, NULL),
(595, 13, 'گلگیر', NULL, NULL, NULL),
(596, 13, 'مسجدسلیمان', NULL, NULL, NULL),
(597, 13, 'هفتگل', NULL, NULL, NULL),
(598, 13, 'زهره', NULL, NULL, NULL),
(599, 13, 'هندیجان', NULL, NULL, NULL),
(600, 13, 'رفیع', NULL, NULL, NULL),
(601, 13, 'هویزه', NULL, NULL, NULL),
(602, 14, 'ابهر', NULL, NULL, NULL),
(603, 14, 'صایین قلعه', NULL, NULL, NULL),
(604, 14, 'هیدج', NULL, NULL, NULL),
(605, 14, 'حلب', NULL, NULL, NULL),
(606, 14, 'زرین آباد', NULL, NULL, NULL),
(607, 14, 'زرین رود', NULL, NULL, NULL),
(608, 14, 'سجاس', NULL, NULL, NULL),
(609, 14, 'سهرورد', NULL, NULL, NULL),
(610, 14, 'قیدار', NULL, NULL, NULL),
(611, 14, 'کرسف', NULL, NULL, NULL),
(612, 14, 'گرماب', NULL, NULL, NULL),
(613, 14, 'نوربهار', NULL, NULL, NULL),
(614, 14, 'خرمدره', NULL, NULL, NULL),
(615, 14, 'ارمغانخانه', NULL, NULL, NULL),
(616, 14, 'زنجان', NULL, NULL, NULL),
(617, 14, 'نیک پی', NULL, NULL, NULL),
(618, 14, 'سلطانیه', NULL, NULL, NULL),
(619, 14, 'آب بر', NULL, NULL, NULL),
(620, 14, 'چورزق', NULL, NULL, NULL),
(621, 14, 'دندی', NULL, NULL, NULL),
(622, 14, 'ماه نشان', NULL, NULL, NULL),
(623, 15, 'آرادان', NULL, NULL, NULL),
(624, 15, 'کهن آباد', NULL, NULL, NULL),
(625, 15, 'امیریه', NULL, NULL, NULL),
(626, 15, 'دامغان', NULL, NULL, NULL),
(627, 15, 'دیباج', NULL, NULL, NULL),
(628, 15, 'کلاته', NULL, NULL, NULL),
(629, 15, 'سرخه', NULL, NULL, NULL),
(630, 15, 'سمنان', NULL, NULL, NULL),
(631, 15, 'بسطام', NULL, NULL, NULL),
(632, 15, 'بیارجمند', NULL, NULL, NULL),
(633, 15, 'رودیان', NULL, NULL, NULL),
(634, 15, 'شاهرود', NULL, NULL, NULL),
(635, 15, 'کلاته خیج', NULL, NULL, NULL),
(636, 15, 'مجن', NULL, NULL, NULL),
(637, 15, 'ایوانکی', NULL, NULL, NULL),
(638, 15, 'گرمسار', NULL, NULL, NULL),
(639, 15, 'درجزین', NULL, NULL, NULL),
(640, 15, 'شهمیرزاد', NULL, NULL, NULL),
(641, 15, 'مهدی شهر', NULL, NULL, NULL),
(642, 15, 'میامی', NULL, NULL, NULL),
(643, 16, 'ایرانشهر', NULL, NULL, NULL),
(644, 16, 'بزمان', NULL, NULL, NULL),
(645, 16, 'بمپور', NULL, NULL, NULL),
(646, 16, 'محمدان', NULL, NULL, NULL),
(647, 16, 'چابهار', NULL, NULL, NULL),
(648, 16, 'نگور', NULL, NULL, NULL),
(649, 16, 'خاش', NULL, NULL, NULL),
(650, 16, 'نوک آباد', NULL, NULL, NULL),
(651, 16, 'گلمورتی', NULL, NULL, NULL),
(652, 16, 'بنجار', NULL, NULL, NULL),
(653, 16, 'زابل', NULL, NULL, NULL),
(654, 16, 'زاهدان', NULL, NULL, NULL),
(655, 16, 'نصرت آباد', NULL, NULL, NULL),
(656, 16, 'زهک', NULL, NULL, NULL),
(657, 16, 'جالق', NULL, NULL, NULL),
(658, 16, 'سراوان', NULL, NULL, NULL),
(659, 16, 'سیرکان', NULL, NULL, NULL),
(660, 16, 'گشت', NULL, NULL, NULL),
(661, 16, 'محمدی', NULL, NULL, NULL),
(662, 16, 'پیشین', NULL, NULL, NULL),
(663, 16, 'راسک', NULL, NULL, NULL),
(664, 16, 'سرباز', NULL, NULL, NULL),
(665, 16, 'سوران', NULL, NULL, NULL),
(666, 16, 'هیدوچ', NULL, NULL, NULL),
(667, 16, 'فنوج', NULL, NULL, NULL),
(668, 16, 'قصرقند', NULL, NULL, NULL),
(669, 16, 'زرآباد', NULL, NULL, NULL),
(670, 16, 'کنارک', NULL, NULL, NULL),
(671, 16, 'مهرستان', NULL, NULL, NULL),
(672, 16, 'میرجاوه', NULL, NULL, NULL),
(673, 16, 'اسپکه', NULL, NULL, NULL),
(674, 16, 'بنت', NULL, NULL, NULL),
(675, 16, 'نیک شهر', NULL, NULL, NULL),
(676, 16, 'ادیمی', NULL, NULL, NULL),
(677, 16, 'شهرک علی اکبر', NULL, NULL, NULL),
(678, 16, 'محمدآباد', NULL, NULL, NULL),
(679, 16, 'دوست محمد', NULL, NULL, NULL),
(680, 17, 'آباده', NULL, NULL, NULL),
(681, 17, 'ایزدخواست', NULL, NULL, NULL),
(682, 17, 'بهمن', NULL, NULL, NULL),
(683, 17, 'سورمق', NULL, NULL, NULL),
(684, 17, 'صغاد', NULL, NULL, NULL),
(685, 17, 'ارسنجان', NULL, NULL, NULL),
(686, 17, 'استهبان', NULL, NULL, NULL),
(687, 17, 'ایج', NULL, NULL, NULL),
(688, 17, 'رونیز', NULL, NULL, NULL),
(689, 17, 'اقلید', NULL, NULL, NULL),
(690, 17, 'حسن اباد', NULL, NULL, NULL),
(691, 17, 'دژکرد', NULL, NULL, NULL),
(692, 17, 'سده', NULL, NULL, NULL),
(693, 17, 'بوانات', NULL, NULL, NULL),
(694, 17, 'حسامی', NULL, NULL, NULL),
(695, 17, 'کره ای', NULL, NULL, NULL),
(696, 17, 'مزایجان', NULL, NULL, NULL),
(697, 17, 'سعادت شهر', NULL, NULL, NULL),
(698, 17, 'مادرسلیمان', NULL, NULL, NULL),
(699, 17, 'باب انار', NULL, NULL, NULL),
(700, 17, 'جهرم', NULL, NULL, NULL),
(701, 17, 'خاوران', NULL, NULL, NULL),
(702, 17, 'دوزه', NULL, NULL, NULL),
(703, 17, 'قطب آباد', NULL, NULL, NULL),
(704, 17, 'خرامه', NULL, NULL, NULL),
(705, 17, 'سلطان شهر', NULL, NULL, NULL),
(706, 17, 'صفاشهر', NULL, NULL, NULL),
(707, 17, 'قادراباد', NULL, NULL, NULL),
(708, 17, 'خنج', NULL, NULL, NULL),
(709, 17, 'جنت شهر', NULL, NULL, NULL),
(710, 17, 'داراب', NULL, NULL, NULL),
(711, 17, 'دوبرجی', NULL, NULL, NULL),
(712, 17, 'فدامی', NULL, NULL, NULL),
(713, 17, 'کوپن', NULL, NULL, NULL),
(714, 17, 'مصیری', NULL, NULL, NULL),
(715, 17, 'حاجی آباد', NULL, NULL, NULL),
(716, 17, 'دبیران', NULL, NULL, NULL),
(717, 17, 'شهرپیر', NULL, NULL, NULL),
(718, 17, 'اردکان', NULL, NULL, NULL),
(719, 17, 'بیضا', NULL, NULL, NULL),
(720, 17, 'هماشهر', NULL, NULL, NULL),
(721, 17, 'سروستان', NULL, NULL, NULL),
(722, 17, 'کوهنجان', NULL, NULL, NULL),
(723, 17, 'خانه زنیان', NULL, NULL, NULL),
(724, 17, 'داریان', NULL, NULL, NULL),
(725, 17, 'زرقان', NULL, NULL, NULL),
(726, 17, 'شهرصدرا', NULL, NULL, NULL),
(727, 17, 'شیراز', NULL, NULL, NULL),
(728, 17, 'لپویی', NULL, NULL, NULL),
(729, 17, 'دهرم', NULL, NULL, NULL),
(730, 17, 'فراشبند', NULL, NULL, NULL),
(731, 17, 'نوجین', NULL, NULL, NULL),
(732, 17, 'زاهدشهر', NULL, NULL, NULL),
(733, 17, 'ششده', NULL, NULL, NULL),
(734, 17, 'فسا', NULL, NULL, NULL),
(735, 17, 'قره بلاغ', NULL, NULL, NULL),
(736, 17, 'میانشهر', NULL, NULL, NULL),
(737, 17, 'نوبندگان', NULL, NULL, NULL),
(738, 17, 'فیروزآباد', NULL, NULL, NULL),
(739, 17, 'میمند', NULL, NULL, NULL),
(740, 17, 'افزر', NULL, NULL, NULL),
(741, 17, 'امام شهر', NULL, NULL, NULL),
(742, 17, 'قیر', NULL, NULL, NULL),
(743, 17, 'کارزین (فتح آباد)', NULL, NULL, NULL),
(744, 17, 'مبارک آباددیز', NULL, NULL, NULL),
(745, 17, 'بالاده', NULL, NULL, NULL),
(746, 17, 'خشت', NULL, NULL, NULL),
(747, 17, 'قایمیه', NULL, NULL, NULL),
(748, 17, 'کازرون', NULL, NULL, NULL),
(749, 17, 'کنارتخته', NULL, NULL, NULL),
(750, 17, 'نودان', NULL, NULL, NULL),
(751, 17, 'کوار', NULL, NULL, NULL),
(752, 17, 'گراش', NULL, NULL, NULL),
(753, 17, 'اوز', NULL, NULL, NULL),
(754, 17, 'بنارویه', NULL, NULL, NULL),
(755, 17, 'بیرم', NULL, NULL, NULL),
(756, 17, 'جویم', NULL, NULL, NULL),
(757, 17, 'خور', NULL, NULL, NULL),
(758, 17, 'عمادده', NULL, NULL, NULL),
(759, 17, 'لار', NULL, NULL, NULL),
(760, 17, 'لطیفی', NULL, NULL, NULL),
(761, 17, 'اشکنان', NULL, NULL, NULL),
(762, 17, 'اهل', NULL, NULL, NULL),
(763, 17, 'علامرودشت', NULL, NULL, NULL),
(764, 17, 'لامرد', NULL, NULL, NULL),
(765, 17, 'خانیمن', NULL, NULL, NULL),
(766, 17, 'رامجرد', NULL, NULL, NULL),
(767, 17, 'سیدان', NULL, NULL, NULL),
(768, 17, 'کامفیروز', NULL, NULL, NULL),
(769, 17, 'مرودشت', NULL, NULL, NULL),
(770, 17, 'بابامنیر', NULL, NULL, NULL),
(771, 17, 'خومه زار', NULL, NULL, NULL),
(772, 17, 'نورآباد', NULL, NULL, NULL),
(773, 17, 'اسیر', NULL, NULL, NULL),
(774, 17, 'خوزی', NULL, NULL, NULL),
(775, 17, 'گله دار', NULL, NULL, NULL),
(776, 17, 'مهر', NULL, NULL, NULL),
(777, 17, 'وراوی', NULL, NULL, NULL),
(778, 17, 'آباده طشک', NULL, NULL, NULL),
(779, 17, 'قطرویه', NULL, NULL, NULL),
(780, 17, 'مشکان', NULL, NULL, NULL),
(781, 17, 'نی ریز', NULL, NULL, NULL),
(782, 18, 'آبیک', NULL, NULL, NULL),
(783, 18, 'خاکعلی', NULL, NULL, NULL),
(784, 18, 'آبگرم', NULL, NULL, NULL),
(785, 18, 'آوج', NULL, NULL, NULL),
(786, 18, 'الوند', NULL, NULL, NULL),
(787, 18, 'بیدستان', NULL, NULL, NULL),
(788, 18, 'شریفیه', NULL, NULL, NULL),
(789, 18, 'محمدیه', NULL, NULL, NULL),
(790, 18, 'ارداق', NULL, NULL, NULL),
(791, 18, 'بویین زهرا', NULL, NULL, NULL),
(792, 18, 'دانسفهان', NULL, NULL, NULL),
(793, 18, 'سگزآباد', NULL, NULL, NULL),
(794, 18, 'شال', NULL, NULL, NULL),
(795, 18, 'اسفرورین', NULL, NULL, NULL),
(796, 18, 'تاکستان', NULL, NULL, NULL),
(797, 18, 'خرمدشت', NULL, NULL, NULL),
(798, 18, 'ضیاڈآباد', NULL, NULL, NULL),
(799, 18, 'نرجه', NULL, NULL, NULL),
(800, 18, 'اقبالیه', NULL, NULL, NULL),
(801, 18, 'رازمیان', NULL, NULL, NULL),
(802, 18, 'سیردان', NULL, NULL, NULL),
(803, 18, 'قزوین', NULL, NULL, NULL),
(804, 18, 'کوهین', NULL, NULL, NULL),
(805, 18, 'محمودآبادنمونه', NULL, NULL, NULL),
(806, 18, 'معلم کلایه', NULL, NULL, NULL),
(807, 19, 'جعفریه', NULL, NULL, NULL),
(808, 19, 'دستجرد', NULL, NULL, NULL),
(809, 19, 'سلفچگان', NULL, NULL, NULL),
(810, 19, 'قم', NULL, NULL, NULL),
(811, 19, 'قنوات', NULL, NULL, NULL),
(812, 19, 'کهک', NULL, NULL, NULL),
(813, 20, 'آرمرده', NULL, NULL, NULL),
(814, 20, 'بانه', NULL, NULL, NULL),
(815, 20, 'بویین سفلی', NULL, NULL, NULL),
(816, 20, 'کانی سور', NULL, NULL, NULL),
(817, 20, 'بابارشانی', NULL, NULL, NULL),
(818, 20, 'بیجار', NULL, NULL, NULL),
(819, 20, 'پیرتاج', NULL, NULL, NULL),
(820, 20, 'توپ آغاج', NULL, NULL, NULL),
(821, 20, 'یاسوکند', NULL, NULL, NULL),
(822, 20, 'بلبان آباد', NULL, NULL, NULL),
(823, 20, 'دهگلان', NULL, NULL, NULL),
(824, 20, 'دیواندره', NULL, NULL, NULL),
(825, 20, 'زرینه', NULL, NULL, NULL),
(826, 20, 'اورامان تخت', NULL, NULL, NULL),
(827, 20, 'سروآباد', NULL, NULL, NULL),
(828, 20, 'سقز', NULL, NULL, NULL),
(829, 20, 'صاحب', NULL, NULL, NULL),
(830, 20, 'سنندج', NULL, NULL, NULL),
(831, 20, 'شویشه', NULL, NULL, NULL),
(832, 20, 'دزج', NULL, NULL, NULL),
(833, 20, 'دلبران', NULL, NULL, NULL),
(834, 20, 'سریش آباد', NULL, NULL, NULL),
(835, 20, 'قروه', NULL, NULL, NULL),
(836, 20, 'کامیاران', NULL, NULL, NULL),
(837, 20, 'موچش', NULL, NULL, NULL),
(838, 20, 'برده رشه', NULL, NULL, NULL),
(839, 20, 'چناره', NULL, NULL, NULL),
(840, 20, 'کانی دینار', NULL, NULL, NULL),
(841, 20, 'مریوان', NULL, NULL, NULL),
(842, 21, 'ارزوییه', NULL, NULL, NULL),
(843, 21, 'امین شهر', NULL, NULL, NULL),
(844, 21, 'انار', NULL, NULL, NULL),
(845, 21, 'بافت', NULL, NULL, NULL),
(846, 21, 'بزنجان', NULL, NULL, NULL),
(847, 21, 'بردسیر', NULL, NULL, NULL),
(848, 21, 'دشتکار', NULL, NULL, NULL),
(849, 21, 'گلزار', NULL, NULL, NULL),
(850, 21, 'لاله زار', NULL, NULL, NULL),
(851, 21, 'نگار', NULL, NULL, NULL),
(852, 21, 'بروات', NULL, NULL, NULL),
(853, 21, 'بم', NULL, NULL, NULL),
(854, 21, 'بلوک', NULL, NULL, NULL),
(855, 21, 'جبالبارز', NULL, NULL, NULL),
(856, 21, 'جیرفت', NULL, NULL, NULL),
(857, 21, 'درب بهشت', NULL, NULL, NULL),
(858, 21, 'رابر', NULL, NULL, NULL),
(859, 21, 'هنزا', NULL, NULL, NULL),
(860, 21, 'راور', NULL, NULL, NULL),
(861, 21, 'هجدک', NULL, NULL, NULL),
(862, 21, 'بهرمان', NULL, NULL, NULL),
(863, 21, 'رفسنجان', NULL, NULL, NULL),
(864, 21, 'صفاییه', NULL, NULL, NULL),
(865, 21, 'کشکوییه', NULL, NULL, NULL),
(866, 21, 'مس سرچشمه', NULL, NULL, NULL),
(867, 21, 'رودبار', NULL, NULL, NULL),
(868, 21, 'زهکلوت', NULL, NULL, NULL),
(869, 21, 'گنبکی', NULL, NULL, NULL),
(870, 21, 'محمدآباد', NULL, NULL, NULL),
(871, 21, 'خانوک', NULL, NULL, NULL),
(872, 21, 'ریحان', NULL, NULL, NULL),
(873, 21, 'زرند', NULL, NULL, NULL),
(874, 21, 'یزدان شهر', NULL, NULL, NULL),
(875, 21, 'بلورد', NULL, NULL, NULL),
(876, 21, 'پاریز', NULL, NULL, NULL),
(877, 21, 'خواجو شهر', NULL, NULL, NULL),
(878, 21, 'زیدآباد', NULL, NULL, NULL),
(879, 21, 'سیرجان', NULL, NULL, NULL),
(880, 21, 'نجف شهر', NULL, NULL, NULL),
(881, 21, 'هماشهر', NULL, NULL, NULL),
(882, 21, 'جوزم', NULL, NULL, NULL),
(883, 21, 'خاتون اباد', NULL, NULL, NULL),
(884, 21, 'خورسند', NULL, NULL, NULL),
(885, 21, 'دهج', NULL, NULL, NULL),
(886, 21, 'شهربابک', NULL, NULL, NULL),
(887, 21, 'دوساری', NULL, NULL, NULL),
(888, 21, 'عنبرآباد', NULL, NULL, NULL),
(889, 21, 'مردهک', NULL, NULL, NULL),
(890, 21, 'فاریاب', NULL, NULL, NULL),
(891, 21, 'فهرج', NULL, NULL, NULL),
(892, 21, 'قلعه گنج', NULL, NULL, NULL),
(893, 21, 'اختیارآباد', NULL, NULL, NULL),
(894, 21, 'اندوهجرد', NULL, NULL, NULL),
(895, 21, 'باغین', NULL, NULL, NULL),
(896, 21, 'جوپار', NULL, NULL, NULL),
(897, 21, 'چترود', NULL, NULL, NULL),
(898, 21, 'راین', NULL, NULL, NULL),
(899, 21, 'زنگی آباد', NULL, NULL, NULL),
(900, 21, 'شهداد', NULL, NULL, NULL),
(901, 21, 'کاظم آباد', NULL, NULL, NULL),
(902, 21, 'کرمان', NULL, NULL, NULL),
(903, 21, 'گلباف', NULL, NULL, NULL),
(904, 21, 'ماهان', NULL, NULL, NULL),
(905, 21, 'محی آباد', NULL, NULL, NULL),
(906, 21, 'کوهبنان', NULL, NULL, NULL),
(907, 21, 'کیانشهر', NULL, NULL, NULL),
(908, 21, 'کهنوج', NULL, NULL, NULL),
(909, 21, 'منوجان', NULL, NULL, NULL),
(910, 21, 'نودژ', NULL, NULL, NULL),
(911, 21, 'نرماشیر', NULL, NULL, NULL),
(912, 21, 'نظام شهر', NULL, NULL, NULL),
(913, 22, 'اسلام آبادغرب', NULL, NULL, NULL),
(914, 22, 'حمیل', NULL, NULL, NULL),
(915, 22, 'بانوره', NULL, NULL, NULL),
(916, 22, 'باینگان', NULL, NULL, NULL),
(917, 22, 'پاوه', NULL, NULL, NULL),
(918, 22, 'نودشه', NULL, NULL, NULL),
(919, 22, 'نوسود', NULL, NULL, NULL),
(920, 22, 'ازگله', NULL, NULL, NULL),
(921, 22, 'تازه آباد', NULL, NULL, NULL),
(922, 22, 'جوانرود', NULL, NULL, NULL),
(923, 22, 'ریجاب', NULL, NULL, NULL),
(924, 22, 'کرند', NULL, NULL, NULL),
(925, 22, 'گهواره', NULL, NULL, NULL),
(926, 22, 'روانسر', NULL, NULL, NULL),
(927, 22, 'شاهو', NULL, NULL, NULL),
(928, 22, 'سرپل ذهاب', NULL, NULL, NULL),
(929, 22, 'سطر', NULL, NULL, NULL),
(930, 22, 'سنقر', NULL, NULL, NULL),
(931, 22, 'صحنه', NULL, NULL, NULL),
(932, 22, 'میان راهان', NULL, NULL, NULL),
(933, 22, 'سومار', NULL, NULL, NULL),
(934, 22, 'قصرشیرین', NULL, NULL, NULL),
(935, 22, 'رباط', NULL, NULL, NULL),
(936, 22, 'کرمانشاه', NULL, NULL, NULL),
(937, 22, 'کوزران', NULL, NULL, NULL),
(938, 22, 'هلشی', NULL, NULL, NULL),
(939, 22, 'کنگاور', NULL, NULL, NULL),
(940, 22, 'گودین', NULL, NULL, NULL),
(941, 22, 'سرمست', NULL, NULL, NULL),
(942, 22, 'گیلانغرب', NULL, NULL, NULL),
(943, 22, 'بیستون', NULL, NULL, NULL),
(944, 22, 'هرسین', NULL, NULL, NULL),
(945, 23, 'باشت', NULL, NULL, NULL),
(946, 23, 'چیتاب', NULL, NULL, NULL),
(947, 23, 'گراب سفلی', NULL, NULL, NULL),
(948, 23, 'مادوان', NULL, NULL, NULL),
(949, 23, 'مارگون', NULL, NULL, NULL),
(950, 23, 'یاسوج', NULL, NULL, NULL),
(951, 23, 'لیکک', NULL, NULL, NULL),
(952, 23, 'چرام', NULL, NULL, NULL),
(953, 23, 'سرفاریاب', NULL, NULL, NULL),
(954, 23, 'پاتاوه', NULL, NULL, NULL),
(955, 23, 'سی سخت', NULL, NULL, NULL),
(956, 23, 'دهدشت', NULL, NULL, NULL),
(957, 23, 'دیشموک', NULL, NULL, NULL),
(958, 23, 'سوق', NULL, NULL, NULL),
(959, 23, 'قلعه رییسی', NULL, NULL, NULL),
(960, 23, 'دوگنبدان', NULL, NULL, NULL),
(961, 23, 'لنده', NULL, NULL, NULL),
(962, 24, 'آزادشهر', NULL, NULL, NULL),
(963, 24, 'نگین شهر', NULL, NULL, NULL),
(964, 24, 'نوده خاندوز', NULL, NULL, NULL),
(965, 24, 'آق قلا', NULL, NULL, NULL),
(966, 24, 'انبارآلوم', NULL, NULL, NULL),
(967, 24, 'بندرگز', NULL, NULL, NULL),
(968, 24, 'نوکنده', NULL, NULL, NULL),
(969, 24, 'بندرترکمن', NULL, NULL, NULL),
(970, 24, 'تاتارعلیا', NULL, NULL, NULL),
(971, 24, 'خان ببین', NULL, NULL, NULL),
(972, 24, 'دلند', NULL, NULL, NULL),
(973, 24, 'رامیان', NULL, NULL, NULL),
(974, 24, 'سنگدوین', NULL, NULL, NULL),
(975, 24, 'علی اباد', NULL, NULL, NULL),
(976, 24, 'فاضل آباد', NULL, NULL, NULL),
(977, 24, 'مزرعه', NULL, NULL, NULL),
(978, 24, 'کردکوی', NULL, NULL, NULL),
(979, 24, 'فراغی', NULL, NULL, NULL),
(980, 24, 'کلاله', NULL, NULL, NULL),
(981, 24, 'گالیکش', NULL, NULL, NULL),
(982, 24, 'جلین', NULL, NULL, NULL),
(983, 24, 'سرخنکلاته', NULL, NULL, NULL),
(984, 24, 'گرگان', NULL, NULL, NULL),
(985, 24, 'سیمین شهر', NULL, NULL, NULL),
(986, 24, 'گمیش تپه', NULL, NULL, NULL),
(987, 24, 'اینچه برون', NULL, NULL, NULL),
(988, 24, 'گنبدکاووس', NULL, NULL, NULL),
(989, 24, 'مراوه', NULL, NULL, NULL),
(990, 24, 'مینودشت', NULL, NULL, NULL),
(991, 25, 'آستارا', NULL, NULL, NULL),
(992, 25, 'لوندویل', NULL, NULL, NULL),
(993, 25, 'آستانه اشرفیه', NULL, NULL, NULL),
(994, 25, 'کیاشهر', NULL, NULL, NULL),
(995, 25, 'املش', NULL, NULL, NULL),
(996, 25, 'رانکوه', NULL, NULL, NULL),
(997, 25, 'بندرانزلی', NULL, NULL, NULL),
(998, 25, 'خشکبیجار', NULL, NULL, NULL),
(999, 25, 'خمام', NULL, NULL, NULL),
(1000, 25, 'رشت', NULL, NULL, NULL),
(1001, 25, 'سنگر', NULL, NULL, NULL),
(1002, 25, 'کوچصفهان', NULL, NULL, NULL),
(1003, 25, 'لشت نشاء', NULL, NULL, NULL),
(1004, 25, 'لولمان', NULL, NULL, NULL),
(1005, 25, 'پره سر', NULL, NULL, NULL),
(1006, 25, 'رضوانشهر', NULL, NULL, NULL),
(1007, 25, 'بره سر', NULL, NULL, NULL),
(1008, 25, 'توتکابن', NULL, NULL, NULL),
(1009, 25, 'جیرنده', NULL, NULL, NULL),
(1010, 25, 'رستم آباد', NULL, NULL, NULL),
(1011, 25, 'رودبار', NULL, NULL, NULL),
(1012, 25, 'لوشان', NULL, NULL, NULL),
(1013, 25, 'منجیل', NULL, NULL, NULL),
(1014, 25, 'چابکسر', NULL, NULL, NULL),
(1015, 25, 'رحیم آباد', NULL, NULL, NULL),
(1016, 25, 'رودسر', NULL, NULL, NULL),
(1017, 25, 'کلاچای', NULL, NULL, NULL),
(1018, 25, 'واجارگاه', NULL, NULL, NULL),
(1019, 25, 'دیلمان', NULL, NULL, NULL),
(1020, 25, 'سیاهکل', NULL, NULL, NULL),
(1021, 25, 'احمدسرگوراب', NULL, NULL, NULL),
(1022, 25, 'شفت', NULL, NULL, NULL),
(1023, 25, 'صومعه سرا', NULL, NULL, NULL),
(1024, 25, 'گوراب زرمیخ', NULL, NULL, NULL),
(1025, 25, 'مرجقل', NULL, NULL, NULL),
(1026, 25, 'اسالم', NULL, NULL, NULL),
(1027, 25, 'چوبر', NULL, NULL, NULL),
(1028, 25, 'حویق', NULL, NULL, NULL),
(1029, 25, 'لیسار', NULL, NULL, NULL),
(1030, 25, 'هشتپر (تالش)', NULL, NULL, NULL),
(1031, 25, 'فومن', NULL, NULL, NULL),
(1032, 25, 'ماسوله', NULL, NULL, NULL),
(1033, 25, 'ماکلوان', NULL, NULL, NULL),
(1034, 25, 'رودبنه', NULL, NULL, NULL),
(1035, 25, 'لاهیجان', NULL, NULL, NULL),
(1036, 25, 'اطاقور', NULL, NULL, NULL),
(1037, 25, 'چاف و چمخاله', NULL, NULL, NULL),
(1038, 25, 'شلمان', NULL, NULL, NULL),
(1039, 25, 'کومله', NULL, NULL, NULL),
(1040, 25, 'لنگرود', NULL, NULL, NULL),
(1041, 25, 'بازار جمعه', NULL, NULL, NULL),
(1042, 25, 'ماسال', NULL, NULL, NULL),
(1043, 26, 'ازنا', NULL, NULL, NULL),
(1044, 26, 'مومن آباد', NULL, NULL, NULL),
(1045, 26, 'الیگودرز', NULL, NULL, NULL),
(1046, 26, 'شول آباد', NULL, NULL, NULL),
(1047, 26, 'اشترینان', NULL, NULL, NULL),
(1048, 26, 'بروجرد', NULL, NULL, NULL),
(1049, 26, 'پلدختر', NULL, NULL, NULL),
(1050, 26, 'معمولان', NULL, NULL, NULL),
(1051, 26, 'بیران شهر', NULL, NULL, NULL),
(1052, 26, 'خرم آباد', NULL, NULL, NULL),
(1053, 26, 'زاغه', NULL, NULL, NULL),
(1054, 26, 'سپیددشت', NULL, NULL, NULL),
(1055, 26, 'نورآباد', NULL, NULL, NULL),
(1056, 26, 'هفت چشمه', NULL, NULL, NULL),
(1057, 26, 'چالانچولان', NULL, NULL, NULL),
(1058, 26, 'دورود', NULL, NULL, NULL),
(1059, 26, 'سراب دوره', NULL, NULL, NULL),
(1060, 26, 'ویسیان', NULL, NULL, NULL),
(1061, 26, 'چقابل', NULL, NULL, NULL),
(1062, 26, 'الشتر', NULL, NULL, NULL),
(1063, 26, 'فیروزآباد', NULL, NULL, NULL),
(1064, 26, 'درب گنبد', NULL, NULL, NULL),
(1065, 26, 'کوهدشت', NULL, NULL, NULL),
(1066, 26, 'کوهنانی', NULL, NULL, NULL),
(1067, 26, 'گراب', NULL, NULL, NULL),
(1068, 27, 'آمل', NULL, NULL, NULL),
(1069, 27, 'امامزاده عبدالله', NULL, NULL, NULL),
(1070, 27, 'دابودشت', NULL, NULL, NULL),
(1071, 27, 'رینه', NULL, NULL, NULL),
(1072, 27, 'گزنک', NULL, NULL, NULL),
(1073, 27, 'امیرکلا', NULL, NULL, NULL),
(1074, 27, 'بابل', NULL, NULL, NULL),
(1075, 27, 'خوش رودپی', NULL, NULL, NULL),
(1076, 27, 'زرگرمحله', NULL, NULL, NULL),
(1077, 27, 'گتاب', NULL, NULL, NULL),
(1078, 27, 'گلوگاه', NULL, NULL, NULL),
(1079, 27, 'مرزیکلا', NULL, NULL, NULL),
(1080, 27, 'بابلسر', NULL, NULL, NULL),
(1081, 27, 'بهنمیر', NULL, NULL, NULL),
(1082, 27, 'هادی شهر', NULL, NULL, NULL),
(1083, 27, 'بهشهر', NULL, NULL, NULL),
(1084, 27, 'خلیل شهر', NULL, NULL, NULL),
(1085, 27, 'رستمکلا', NULL, NULL, NULL),
(1086, 27, 'تنکابن', NULL, NULL, NULL),
(1087, 27, 'خرم آباد', NULL, NULL, NULL),
(1088, 27, 'شیرود', NULL, NULL, NULL),
(1089, 27, 'نشتارود', NULL, NULL, NULL),
(1090, 27, 'جویبار', NULL, NULL, NULL),
(1091, 27, 'کوهی خیل', NULL, NULL, NULL),
(1092, 27, 'چالوس', NULL, NULL, NULL),
(1093, 27, 'مرزن آباد', NULL, NULL, NULL),
(1094, 27, 'هچیرود', NULL, NULL, NULL),
(1095, 27, 'رامسر', NULL, NULL, NULL),
(1096, 27, 'کتالم وسادات شهر', NULL, NULL, NULL),
(1097, 27, 'پایین هولار', NULL, NULL, NULL),
(1098, 27, 'ساری', NULL, NULL, NULL),
(1099, 27, 'فریم', NULL, NULL, NULL),
(1100, 27, 'کیاسر', NULL, NULL, NULL),
(1101, 27, 'آلاشت', NULL, NULL, NULL),
(1102, 27, 'پل سفید', NULL, NULL, NULL),
(1103, 27, 'زیرآب', NULL, NULL, NULL),
(1104, 27, 'شیرگاه', NULL, NULL, NULL),
(1105, 27, 'کیاکلا', NULL, NULL, NULL),
(1106, 27, 'سلمان شهر', NULL, NULL, NULL),
(1107, 27, 'عباس اباد', NULL, NULL, NULL),
(1108, 27, 'کلارآباد', NULL, NULL, NULL),
(1109, 27, 'فریدونکنار', NULL, NULL, NULL),
(1110, 27, 'ارطه', NULL, NULL, NULL),
(1111, 27, 'قایم شهر', NULL, NULL, NULL),
(1112, 27, 'کلاردشت', NULL, NULL, NULL),
(1113, 27, 'گلوگاه', NULL, NULL, NULL),
(1114, 27, 'سرخرود', NULL, NULL, NULL),
(1115, 27, 'محمودآباد', NULL, NULL, NULL),
(1116, 27, 'سورک', NULL, NULL, NULL),
(1117, 27, 'نکا', NULL, NULL, NULL),
(1118, 27, 'ایزدشهر', NULL, NULL, NULL),
(1119, 27, 'بلده', NULL, NULL, NULL),
(1120, 27, 'چمستان', NULL, NULL, NULL),
(1121, 27, 'رویان', NULL, NULL, NULL),
(1122, 27, 'نور', NULL, NULL, NULL),
(1123, 27, 'پول', NULL, NULL, NULL),
(1124, 27, 'کجور', NULL, NULL, NULL),
(1125, 27, 'نوشهر', NULL, NULL, NULL),
(1126, 28, 'آشتیان', NULL, NULL, NULL),
(1127, 28, 'اراک', NULL, NULL, NULL),
(1128, 28, 'داودآباد', NULL, NULL, NULL),
(1129, 28, 'ساروق', NULL, NULL, NULL),
(1130, 28, 'کارچان', NULL, NULL, NULL),
(1131, 28, 'تفرش', NULL, NULL, NULL),
(1132, 28, 'خمین', NULL, NULL, NULL),
(1133, 28, 'قورچی باشی', NULL, NULL, NULL),
(1134, 28, 'جاورسیان', NULL, NULL, NULL),
(1135, 28, 'خنداب', NULL, NULL, NULL),
(1136, 28, 'دلیجان', NULL, NULL, NULL),
(1137, 28, 'نراق', NULL, NULL, NULL),
(1138, 28, 'پرندک', NULL, NULL, NULL),
(1139, 28, 'خشکرود', NULL, NULL, NULL),
(1140, 28, 'رازقان', NULL, NULL, NULL),
(1141, 28, 'زاویه', NULL, NULL, NULL),
(1142, 28, 'مامونیه', NULL, NULL, NULL),
(1143, 28, 'آوه', NULL, NULL, NULL),
(1144, 28, 'ساوه', NULL, NULL, NULL),
(1145, 28, 'غرق آباد', NULL, NULL, NULL),
(1146, 28, 'نوبران', NULL, NULL, NULL),
(1147, 28, 'آستانه', NULL, NULL, NULL),
(1148, 28, 'توره', NULL, NULL, NULL),
(1149, 28, 'شازند', NULL, NULL, NULL),
(1150, 28, 'شهباز', NULL, NULL, NULL),
(1151, 28, 'مهاجران', NULL, NULL, NULL),
(1152, 28, 'هندودر', NULL, NULL, NULL),
(1153, 28, 'خنجین', NULL, NULL, NULL),
(1154, 28, 'فرمهین', NULL, NULL, NULL),
(1155, 28, 'کمیجان', NULL, NULL, NULL),
(1156, 28, 'میلاجرد', NULL, NULL, NULL),
(1157, 28, 'محلات', NULL, NULL, NULL),
(1158, 28, 'نیمور', NULL, NULL, NULL),
(1159, 29, 'ابوموسی', NULL, NULL, NULL),
(1160, 29, 'بستک', NULL, NULL, NULL),
(1161, 29, 'جناح', NULL, NULL, NULL),
(1162, 29, 'سردشت', NULL, NULL, NULL),
(1163, 29, 'گوهران', NULL, NULL, NULL),
(1164, 29, 'بندرعباس', NULL, NULL, NULL);
INSERT INTO `cities` (`id`, `state_id`, `name`, `created_at`, `updated_at`, `deleted_at`) VALUES
(1165, 29, 'تازیان پایین', NULL, NULL, NULL),
(1166, 29, 'تخت', NULL, NULL, NULL),
(1167, 29, 'فین', NULL, NULL, NULL),
(1168, 29, 'قلعه قاضی', NULL, NULL, NULL),
(1169, 29, 'بندرلنگه', NULL, NULL, NULL),
(1170, 29, 'چارک', NULL, NULL, NULL),
(1171, 29, 'کنگ', NULL, NULL, NULL),
(1172, 29, 'کیش', NULL, NULL, NULL),
(1173, 29, 'لمزان', NULL, NULL, NULL),
(1174, 29, 'پارسیان', NULL, NULL, NULL),
(1175, 29, 'دشتی', NULL, NULL, NULL),
(1176, 29, 'کوشکنار', NULL, NULL, NULL),
(1177, 29, 'بندرجاسک', NULL, NULL, NULL),
(1178, 29, 'حاجی اباد', NULL, NULL, NULL),
(1179, 29, 'سرگز', NULL, NULL, NULL),
(1180, 29, 'فارغان', NULL, NULL, NULL),
(1181, 29, 'خمیر', NULL, NULL, NULL),
(1182, 29, 'رویدر', NULL, NULL, NULL),
(1183, 29, 'بیکاء', NULL, NULL, NULL),
(1184, 29, 'دهبارز', NULL, NULL, NULL),
(1185, 29, 'زیارتعلی', NULL, NULL, NULL),
(1186, 29, 'سیریک', NULL, NULL, NULL),
(1187, 29, 'کوهستک', NULL, NULL, NULL),
(1188, 29, 'گروک', NULL, NULL, NULL),
(1189, 29, 'درگهان', NULL, NULL, NULL),
(1190, 29, 'سوزا', NULL, NULL, NULL),
(1191, 29, 'قشم', NULL, NULL, NULL),
(1192, 29, 'هرمز', NULL, NULL, NULL),
(1193, 29, 'تیرور', NULL, NULL, NULL),
(1194, 29, 'سندرک', NULL, NULL, NULL),
(1195, 29, 'میناب', NULL, NULL, NULL),
(1196, 29, 'هشتبندی', NULL, NULL, NULL),
(1197, 30, 'آجین', NULL, NULL, NULL),
(1198, 30, 'اسدآباد', NULL, NULL, NULL),
(1199, 30, 'بهار', NULL, NULL, NULL),
(1200, 30, 'صالح آباد', NULL, NULL, NULL),
(1201, 30, 'لالجین', NULL, NULL, NULL),
(1202, 30, 'مهاجران', NULL, NULL, NULL),
(1203, 30, 'تویسرکان', NULL, NULL, NULL),
(1204, 30, 'سرکان', NULL, NULL, NULL),
(1205, 30, 'فرسفج', NULL, NULL, NULL),
(1206, 30, 'دمق', NULL, NULL, NULL),
(1207, 30, 'رزن', NULL, NULL, NULL),
(1208, 30, 'قروه درجزین', NULL, NULL, NULL),
(1209, 30, 'فامنین', NULL, NULL, NULL),
(1210, 30, 'شیرین سو', NULL, NULL, NULL),
(1211, 30, 'کبودرآهنگ', NULL, NULL, NULL),
(1212, 30, 'گل تپه', NULL, NULL, NULL),
(1213, 30, 'ازندریان', NULL, NULL, NULL),
(1214, 30, 'جوکار', NULL, NULL, NULL),
(1215, 30, 'زنگنه', NULL, NULL, NULL),
(1216, 30, 'سامن', NULL, NULL, NULL),
(1217, 30, 'ملایر', NULL, NULL, NULL),
(1218, 30, 'برزول', NULL, NULL, NULL),
(1219, 30, 'فیروزان', NULL, NULL, NULL),
(1220, 30, 'گیان', NULL, NULL, NULL),
(1221, 30, 'نهاوند', NULL, NULL, NULL),
(1222, 30, 'جورقان', NULL, NULL, NULL),
(1223, 30, 'قهاوند', NULL, NULL, NULL),
(1224, 30, 'مریانج', NULL, NULL, NULL),
(1225, 30, 'همدان', NULL, NULL, NULL),
(1226, 31, 'ابرکوه', NULL, NULL, NULL),
(1227, 31, 'مهردشت', NULL, NULL, NULL),
(1228, 31, 'احمدآباد', NULL, NULL, NULL),
(1229, 31, 'اردکان', NULL, NULL, NULL),
(1230, 31, 'عقدا', NULL, NULL, NULL),
(1231, 31, 'اشکذر', NULL, NULL, NULL),
(1232, 31, 'خضرآباد', NULL, NULL, NULL),
(1233, 31, 'بافق', NULL, NULL, NULL),
(1234, 31, 'بهاباد', NULL, NULL, NULL),
(1235, 31, 'تفت', NULL, NULL, NULL),
(1236, 31, 'نیر', NULL, NULL, NULL),
(1237, 31, 'مروست', NULL, NULL, NULL),
(1238, 31, 'هرات', NULL, NULL, NULL),
(1239, 31, 'مهریز', NULL, NULL, NULL),
(1240, 31, 'بفروییه', NULL, NULL, NULL),
(1241, 31, 'میبد', NULL, NULL, NULL),
(1242, 31, 'ندوشن', NULL, NULL, NULL),
(1243, 31, 'حمیدیا', NULL, NULL, NULL),
(1244, 31, 'زارچ', NULL, NULL, NULL),
(1245, 31, 'شاهدیه', NULL, NULL, NULL),
(1246, 31, 'یزد', NULL, NULL, NULL);

-- --------------------------------------------------------

--
-- Table structure for table `city`
--

CREATE TABLE IF NOT EXISTS `city` (
  `id` smallint(5) unsigned NOT NULL,
  `province_id` smallint(5) unsigned NOT NULL,
  `county_id` smallint(5) unsigned NOT NULL,
  `name1` varchar(50) COLLATE utf8_persian_ci NOT NULL,
  PRIMARY KEY (`id`)
) ENGINE=InnoDB DEFAULT CHARSET=utf8 COLLATE=utf8_persian_ci;

-- --------------------------------------------------------

--
-- Table structure for table `cvs`
--

CREATE TABLE IF NOT EXISTS `cvs` (
  `id` int(10) unsigned NOT NULL AUTO_INCREMENT,
  `user_id` int(11) NOT NULL,
  `cv_text` text CHARACTER SET utf8mb4 COLLATE utf8mb4_unicode_ci NOT NULL,
  `is_accepted` tinyint(1) NOT NULL,
  `created_at` timestamp NULL DEFAULT NULL,
  `updated_at` timestamp NULL DEFAULT NULL,
  `deleted_at` timestamp NULL DEFAULT NULL,
  PRIMARY KEY (`id`)
) ENGINE=InnoDB  DEFAULT CHARSET=utf8 AUTO_INCREMENT=3 ;

--
-- Dumping data for table `cvs`
--

INSERT INTO `cvs` (`id`, `user_id`, `cv_text`, `is_accepted`, `created_at`, `updated_at`, `deleted_at`) VALUES
(1, 1, 'a programmer', 1, NULL, '2018-07-24 05:57:46', NULL),
(2, 3, 'this is my cv', 0, NULL, '2018-07-24 05:57:46', NULL);

-- --------------------------------------------------------

--
-- Table structure for table `files`
--

CREATE TABLE IF NOT EXISTS `files` (
  `id` int(10) unsigned NOT NULL AUTO_INCREMENT,
  `user_id` int(11) NOT NULL,
  `project_id` int(11) NOT NULL,
  `is_for_answer` tinyint(1) NOT NULL,
  `path` varchar(191) NOT NULL,
  `created_at` timestamp NULL DEFAULT NULL,
  `updated_at` timestamp NULL DEFAULT NULL,
  `deleted_at` timestamp NULL DEFAULT NULL,
  PRIMARY KEY (`id`)
) ENGINE=InnoDB DEFAULT CHARSET=utf8 AUTO_INCREMENT=1 ;

-- --------------------------------------------------------

--
-- Table structure for table `migrations`
--

CREATE TABLE IF NOT EXISTS `migrations` (
  `id` int(10) unsigned NOT NULL AUTO_INCREMENT,
  `migration` varchar(191) COLLATE utf8mb4_unicode_ci NOT NULL,
  `batch` int(11) NOT NULL,
  PRIMARY KEY (`id`)
) ENGINE=InnoDB  DEFAULT CHARSET=utf8mb4 COLLATE=utf8mb4_unicode_ci AUTO_INCREMENT=25 ;

--
-- Dumping data for table `migrations`
--

INSERT INTO `migrations` (`id`, `migration`, `batch`) VALUES
(1, '2014_10_12_000000_create_users_table', 1),
(2, '2014_10_12_100000_create_password_resets_table', 1),
(3, '2018_07_17_061803_create_roles_table', 1),
(4, '2018_07_17_062907_create_projects_table', 1),
(5, '2018_07_17_063029_create_ads_table', 1),
(6, '2018_07_17_063046_create_photos_table', 1),
(7, '2018_07_17_063217_create_chats_table', 1),
(8, '2018_07_17_063332_create_rates_table', 1),
(9, '2018_07_17_063431_create_reports_table', 1),
(10, '2018_07_17_063508_create_cvs_table', 1),
(11, '2018_07_17_063630_create_tickets_table', 1),
(12, '2018_07_17_065546_create_cities_table', 1),
(13, '2018_07_17_065559_create_univs_table', 1),
(14, '2018_07_17_071654_create_role_user_table', 1),
(15, '2018_07_17_072110_create_project_requests_table', 1),
(16, '2018_07_17_073426_create_payments_table', 1),
(17, '2018_07_17_074433_create_user_full_informations_table', 1),
(18, '2018_07_17_075414_create_states_table', 1),
(19, '2018_07_18_062635_create_site_pays_table', 2),
(20, '2018_07_19_100718_add_finish_time_to_ads', 3),
(21, '2018_07_22_062140_add_is_denied_to_project_request_table', 4),
(22, '2018_07_23_144658_create_files_table', 5),
(23, '2018_07_25_080645_add_success_to_payments_table', 6),
(24, '2018_07_25_080835_add_success_to_site_pays_table', 6);

-- --------------------------------------------------------

--
-- Table structure for table `password_resets`
--

CREATE TABLE IF NOT EXISTS `password_resets` (
  `email` varchar(191) COLLATE utf8mb4_unicode_ci NOT NULL,
  `token` varchar(191) COLLATE utf8mb4_unicode_ci NOT NULL,
  `created_at` timestamp NULL DEFAULT NULL,
  KEY `password_resets_email_index` (`email`)
) ENGINE=InnoDB DEFAULT CHARSET=utf8mb4 COLLATE=utf8mb4_unicode_ci;

-- --------------------------------------------------------

--
-- Table structure for table `payments`
--

CREATE TABLE IF NOT EXISTS `payments` (
  `id` int(10) unsigned NOT NULL AUTO_INCREMENT,
  `user_id` int(11) NOT NULL,
  `paymentable_id` int(11) NOT NULL,
  `paymentable_type` varchar(255) CHARACTER SET utf8mb4 COLLATE utf8mb4_unicode_ci NOT NULL,
  `amount` int(11) NOT NULL,
  `bank_receipt` varchar(191) CHARACTER SET utf8mb4 COLLATE utf8mb4_unicode_ci NOT NULL,
  `success` tinyint(1) NOT NULL,
  `created_at` timestamp NULL DEFAULT NULL,
  `updated_at` timestamp NULL DEFAULT NULL,
  `deleted_at` timestamp NULL DEFAULT NULL,
  PRIMARY KEY (`id`)
) ENGINE=InnoDB  DEFAULT CHARSET=utf8 AUTO_INCREMENT=4 ;

--
-- Dumping data for table `payments`
--

INSERT INTO `payments` (`id`, `user_id`, `paymentable_id`, `paymentable_type`, `amount`, `bank_receipt`, `success`, `created_at`, `updated_at`, `deleted_at`) VALUES
(1, 1, 1, 'App\\Ad', 500000, 'fdfdgodfgdgd5g56d', 1, '2018-07-15 19:30:00', NULL, NULL),
(2, 1, 1, 'App\\Project', 50000043, 'fdfdgodfgdgd5g56dfdf', 1, '2018-07-05 19:30:00', NULL, NULL),
(3, 1, 2, 'App\\Project', 64000, 'fdfdgodfgdgd5g56dfdf', 1, '2018-07-29 19:30:00', NULL, NULL);

-- --------------------------------------------------------

--
-- Table structure for table `photos`
--

CREATE TABLE IF NOT EXISTS `photos` (
  `id` int(10) unsigned NOT NULL AUTO_INCREMENT,
  `url` varchar(191) CHARACTER SET utf8mb4 COLLATE utf8mb4_unicode_ci NOT NULL,
  `path` varchar(200) NOT NULL,
  `imageable_id` varchar(191) CHARACTER SET utf8mb4 COLLATE utf8mb4_unicode_ci NOT NULL,
  `imageable_type` varchar(191) CHARACTER SET utf8mb4 COLLATE utf8mb4_unicode_ci NOT NULL,
  `created_at` timestamp NULL DEFAULT NULL,
  `updated_at` timestamp NULL DEFAULT NULL,
  `deleted_at` timestamp NULL DEFAULT NULL,
  PRIMARY KEY (`id`)
) ENGINE=InnoDB  DEFAULT CHARSET=utf8 AUTO_INCREMENT=13 ;

--
-- Dumping data for table `photos`
--

INSERT INTO `photos` (`id`, `url`, `path`, `imageable_id`, `imageable_type`, `created_at`, `updated_at`, `deleted_at`) VALUES
(1, 'sitename/images/image1.jpg', 'uploads/1.jpg', '1', 'App\\Ad', NULL, NULL, NULL),
(3, 'sitename/images/image2.jpg', 'uploads/2.jpg', '2', 'App\\Ad', NULL, NULL, NULL),
(4, 'sitename/images/image2.jpg', 'uploads/3.jpg', '3', 'App\\Ad', NULL, NULL, NULL),
(5, 'sitename/images/image2.jpg', 'uploads/7.jpg', '4', 'App\\Ad', NULL, NULL, NULL),
(6, 'sitename/images/image2.jpg', 'uploads/11.jpg', '5', 'App\\Ad', NULL, NULL, NULL),
(7, 'sitename/images/image2.jpg', 'uploads/12.jpg', '6', 'App\\Ad', NULL, NULL, NULL),
(8, 'http://academisto.com/uploads/images/2018/07/21d11h03m1uGgpkmEtI15q01vcjpg', 'uploads/images/2018/07/21d11h03m1uGgpkmEtI15q01vcjpg', '7', 'App\\Ad', '2018-07-21 06:33:53', '2018-07-21 06:33:53', NULL),
(9, 'http://academisto.com/uploads/images/2018/07/21d11h26m1uidSqg6hby6Gy3Hejpg', 'uploads/images/2018/07/21d11h26m1uidSqg6hby6Gy3Hejpg', '8', 'App\\Ad', '2018-07-21 06:56:19', '2018-07-21 06:56:19', NULL),
(10, 'http://academisto.com/uploads/images/2018/07/22d11h24m1uapkgjqdRW6aYssCjpg', 'uploads/images/2018/07/22d11h24m1uapkgjqdRW6aYssCjpg', '9', 'App\\Ad', '2018-07-22 06:54:21', '2018-07-22 06:54:21', NULL),
(11, 'http://academisto.com/uploads/images/2018/07/23d05h57m1uI4AUt7dHhvEtCtjjpg', 'uploads/images/2018/07/23d05h57m1uI4AUt7dHhvEtCtjjpg', '10', 'App\\Ad', '2018-07-23 13:27:57', '2018-07-23 13:27:57', NULL),
(12, 'http://academisto.com/uploads/images/2018/07/23d06h03m1u9CBXE7t0WuhoeMujpg', 'uploads/images/2018/07/23d06h03m1u9CBXE7t0WuhoeMujpg', '11', 'App\\Ad', '2018-07-23 13:33:08', '2018-07-23 13:33:08', NULL);

-- --------------------------------------------------------

--
-- Table structure for table `projects`
--

CREATE TABLE IF NOT EXISTS `projects` (
  `id` int(10) unsigned NOT NULL AUTO_INCREMENT,
  `user_id` int(11) NOT NULL,
  `title` varchar(191) CHARACTER SET utf8mb4 COLLATE utf8mb4_unicode_ci NOT NULL,
  `description` text CHARACTER SET utf8mb4 COLLATE utf8mb4_unicode_ci NOT NULL,
  `user_price` int(11) NOT NULL,
  `is_immediate` tinyint(1) NOT NULL,
  `is_started` tinyint(1) NOT NULL,
  `is_finished` tinyint(1) NOT NULL,
  `created_at` timestamp NULL DEFAULT NULL,
  `updated_at` timestamp NULL DEFAULT NULL,
  `deleted_at` timestamp NULL DEFAULT NULL,
  PRIMARY KEY (`id`)
) ENGINE=InnoDB  DEFAULT CHARSET=utf8 AUTO_INCREMENT=4 ;

--
-- Dumping data for table `projects`
--

INSERT INTO `projects` (`id`, `user_id`, `title`, `description`, `user_price`, `is_immediate`, `is_started`, `is_finished`, `created_at`, `updated_at`, `deleted_at`) VALUES
(1, 1, 'write a c program', 'i want to make site for my company with java', 70000000, 0, 1, 0, NULL, '2018-07-25 05:30:23', '2018-07-25 05:30:23'),
(2, 1, 'برنامه اندرویید مثل تلگرام', 'یک برنامه اندرویید که شامل امکانات تلگرام باشد', 8999975, 1, 0, 0, NULL, '2018-07-24 06:33:23', NULL),
(3, 2, 'سایت اندرویید مثل تلگرام', 'یک سایت که شامل امکانات تلگرام باشد', 500000, 1, 1, 0, NULL, '2018-07-24 06:33:19', NULL);

-- --------------------------------------------------------

--
-- Table structure for table `project_requests`
--

CREATE TABLE IF NOT EXISTS `project_requests` (
  `id` int(10) unsigned NOT NULL AUTO_INCREMENT,
  `user_id` int(11) NOT NULL,
  `project_id` int(11) NOT NULL,
  `description` text CHARACTER SET utf8mb4 COLLATE utf8mb4_unicode_ci NOT NULL,
  `price` int(11) NOT NULL,
  `is_accepted` tinyint(1) NOT NULL,
  `is_denied` tinyint(1) NOT NULL,
  `created_at` timestamp NULL DEFAULT NULL,
  `updated_at` timestamp NULL DEFAULT NULL,
  `deleted_at` timestamp NULL DEFAULT NULL,
  PRIMARY KEY (`id`)
) ENGINE=InnoDB  DEFAULT CHARSET=utf8 AUTO_INCREMENT=4 ;

--
-- Dumping data for table `project_requests`
--

INSERT INTO `project_requests` (`id`, `user_id`, `project_id`, `description`, `price`, `is_accepted`, `is_denied`, `created_at`, `updated_at`, `deleted_at`) VALUES
(1, 1, 1, 'hello.i can write your project ', 5000, 1, 0, NULL, '2018-07-23 09:50:57', NULL),
(2, 2, 1, 'i can do this', 6000, 0, 1, NULL, '2018-07-22 02:32:14', NULL),
(3, 1, 3, 'man mitunam', 5000, 0, 0, '2018-07-23 07:57:20', '2018-07-24 09:38:15', '2018-07-24 09:38:15');

-- --------------------------------------------------------

--
-- Table structure for table `rates`
--

CREATE TABLE IF NOT EXISTS `rates` (
  `id` int(10) unsigned NOT NULL AUTO_INCREMENT,
  `user_id_from` int(11) NOT NULL,
  `user_id_to` int(11) NOT NULL,
  `project_id` int(11) NOT NULL,
  `rate` tinyint(4) NOT NULL,
  `created_at` timestamp NULL DEFAULT NULL,
  `updated_at` timestamp NULL DEFAULT NULL,
  `deleted_at` timestamp NULL DEFAULT NULL,
  PRIMARY KEY (`id`)
) ENGINE=InnoDB  DEFAULT CHARSET=utf8 AUTO_INCREMENT=3 ;

--
-- Dumping data for table `rates`
--

INSERT INTO `rates` (`id`, `user_id_from`, `user_id_to`, `project_id`, `rate`, `created_at`, `updated_at`, `deleted_at`) VALUES
(1, 1, 1, 1, 4, NULL, NULL, NULL),
(2, 2, 1, 2, 5, NULL, NULL, NULL);

-- --------------------------------------------------------

--
-- Table structure for table `reports`
--

CREATE TABLE IF NOT EXISTS `reports` (
  `id` int(10) unsigned NOT NULL AUTO_INCREMENT,
  `user_id_from` int(11) NOT NULL,
  `user_id_to` int(11) NOT NULL,
  `reportable_id` int(11) NOT NULL,
  `reportable_type` varchar(255) CHARACTER SET utf8mb4 COLLATE utf8mb4_unicode_ci NOT NULL,
  `created_at` timestamp NULL DEFAULT NULL,
  `updated_at` timestamp NULL DEFAULT NULL,
  `deleted_at` timestamp NULL DEFAULT NULL,
  PRIMARY KEY (`id`)
) ENGINE=InnoDB  DEFAULT CHARSET=utf8 AUTO_INCREMENT=7 ;

--
-- Dumping data for table `reports`
--

INSERT INTO `reports` (`id`, `user_id_from`, `user_id_to`, `reportable_id`, `reportable_type`, `created_at`, `updated_at`, `deleted_at`) VALUES
(1, 1, 1, 1, 'App\\Project', NULL, NULL, NULL),
(3, 2, 1, 10, 'App\\Ad', '2018-07-23 07:50:06', '2018-07-23 07:50:06', NULL),
(4, 1, 1, 2, 'App\\Project', '2018-07-23 07:52:04', '2018-07-23 07:52:04', NULL),
(5, 1, 1, 8, 'App\\Ad', '2018-07-23 10:13:05', '2018-07-23 10:13:05', NULL),
(6, 2, 1, 10, 'App\\Ad', '2018-07-23 07:50:06', '2018-07-23 07:50:06', NULL);

-- --------------------------------------------------------

--
-- Table structure for table `roles`
--

CREATE TABLE IF NOT EXISTS `roles` (
  `id` int(10) unsigned NOT NULL AUTO_INCREMENT,
  `name` varchar(191) CHARACTER SET utf8mb4 COLLATE utf8mb4_unicode_ci NOT NULL,
  `description` text CHARACTER SET utf8mb4 COLLATE utf8mb4_unicode_ci NOT NULL,
  `created_at` timestamp NULL DEFAULT NULL,
  `updated_at` timestamp NULL DEFAULT NULL,
  `deleted_at` timestamp NULL DEFAULT NULL,
  PRIMARY KEY (`id`)
) ENGINE=InnoDB  DEFAULT CHARSET=utf8 AUTO_INCREMENT=3 ;

--
-- Dumping data for table `roles`
--

INSERT INTO `roles` (`id`, `name`, `description`, `created_at`, `updated_at`, `deleted_at`) VALUES
(1, 'super_admin', 'this role can delete all of posts and users.and can create new admin', NULL, NULL, NULL),
(2, 'admin', 'this role can access to users', NULL, NULL, NULL);

-- --------------------------------------------------------

--
-- Table structure for table `role_user`
--

CREATE TABLE IF NOT EXISTS `role_user` (
  `id` int(10) unsigned NOT NULL AUTO_INCREMENT,
  `role_id` int(11) NOT NULL,
  `user_id` int(11) NOT NULL,
  `created_at` timestamp NULL DEFAULT NULL,
  `updated_at` timestamp NULL DEFAULT NULL,
  `deleted_at` timestamp NULL DEFAULT NULL,
  PRIMARY KEY (`id`)
) ENGINE=InnoDB  DEFAULT CHARSET=utf8 AUTO_INCREMENT=4 ;

--
-- Dumping data for table `role_user`
--

INSERT INTO `role_user` (`id`, `role_id`, `user_id`, `created_at`, `updated_at`, `deleted_at`) VALUES
(1, 1, 1, NULL, NULL, NULL),
(2, 1, 2, NULL, NULL, NULL),
(3, 2, 1, NULL, NULL, NULL);

-- --------------------------------------------------------

--
-- Table structure for table `site_pays`
--

CREATE TABLE IF NOT EXISTS `site_pays` (
  `id` int(10) unsigned NOT NULL AUTO_INCREMENT,
  `user_id` int(11) NOT NULL,
  `amount` int(11) NOT NULL,
  `bank_receipt` varchar(191) NOT NULL,
  `success` tinyint(1) NOT NULL,
  `created_at` timestamp NULL DEFAULT NULL,
  `updated_at` timestamp NULL DEFAULT NULL,
  `deleted_at` timestamp NULL DEFAULT NULL,
  PRIMARY KEY (`id`)
) ENGINE=InnoDB  DEFAULT CHARSET=utf8 AUTO_INCREMENT=3 ;

--
-- Dumping data for table `site_pays`
--

INSERT INTO `site_pays` (`id`, `user_id`, `amount`, `bank_receipt`, `success`, `created_at`, `updated_at`, `deleted_at`) VALUES
(1, 1, 200000, 'df6ddf132', 1, '2018-07-10 19:30:00', NULL, NULL),
(2, 1, 550000, 'df6ddf132', 1, '2018-07-19 19:30:00', NULL, NULL);

-- --------------------------------------------------------

--
-- Table structure for table `states`
--

CREATE TABLE IF NOT EXISTS `states` (
  `id` int(10) unsigned NOT NULL AUTO_INCREMENT,
  `name` varchar(191) CHARACTER SET utf8mb4 COLLATE utf8mb4_unicode_ci NOT NULL,
  `created_at` timestamp NULL DEFAULT NULL,
  `updated_at` timestamp NULL DEFAULT NULL,
  `deleted_at` timestamp NULL DEFAULT NULL,
  PRIMARY KEY (`id`)
) ENGINE=InnoDB  DEFAULT CHARSET=utf8 AUTO_INCREMENT=32 ;

--
-- Dumping data for table `states`
--

INSERT INTO `states` (`id`, `name`, `created_at`, `updated_at`, `deleted_at`) VALUES
(1, 'آذربایجان شرقی', NULL, NULL, NULL),
(2, 'آذربایجان غربی', NULL, NULL, NULL),
(3, 'اردبیل', NULL, NULL, NULL),
(4, 'اصفهان', NULL, NULL, NULL),
(5, 'البرز', NULL, NULL, NULL),
(6, 'ایلام', NULL, NULL, NULL),
(7, 'بوشهر', NULL, NULL, NULL),
(8, 'تهران', NULL, NULL, NULL),
(9, 'چهارمحال وبختیاری', NULL, NULL, NULL),
(10, 'خراسان جنوبی', NULL, NULL, NULL),
(11, 'خراسان رضوی', NULL, NULL, NULL),
(12, 'خراسان شمالی', NULL, NULL, NULL),
(13, 'خوزستان', NULL, NULL, NULL),
(14, 'زنجان', NULL, NULL, NULL),
(15, 'سمنان', NULL, NULL, NULL),
(16, 'سیستان وبلوچستان', NULL, NULL, NULL),
(17, 'فارس', NULL, NULL, NULL),
(18, 'قزوین', NULL, NULL, NULL),
(19, 'قم', NULL, NULL, NULL),
(20, 'کردستان', NULL, NULL, NULL),
(21, 'کرمان', NULL, NULL, NULL),
(22, 'کرمانشاه', NULL, NULL, NULL),
(23, 'کهگیلویه وبویراحمد', NULL, NULL, NULL),
(24, 'گلستان', NULL, NULL, NULL),
(25, 'گیلان', NULL, NULL, NULL),
(26, 'لرستان', NULL, NULL, NULL),
(27, 'مازندران', NULL, NULL, NULL),
(28, 'مرکزی', NULL, NULL, NULL),
(29, 'هرمزگان', NULL, NULL, NULL),
(30, 'همدان', NULL, NULL, NULL),
(31, 'یزد', NULL, NULL, NULL);

-- --------------------------------------------------------

--
-- Table structure for table `tickets`
--

CREATE TABLE IF NOT EXISTS `tickets` (
  `id` int(10) unsigned NOT NULL AUTO_INCREMENT,
  `user_id` int(11) NOT NULL,
  `text` text CHARACTER SET utf8mb4 COLLATE utf8mb4_unicode_ci NOT NULL,
  `is_user_send` tinyint(1) NOT NULL,
  `created_at` timestamp NULL DEFAULT NULL,
  `updated_at` timestamp NULL DEFAULT NULL,
  `deleted_at` timestamp NULL DEFAULT NULL,
  PRIMARY KEY (`id`)
) ENGINE=InnoDB  DEFAULT CHARSET=utf8 AUTO_INCREMENT=11 ;

--
-- Dumping data for table `tickets`
--

INSERT INTO `tickets` (`id`, `user_id`, `text`, `is_user_send`, `created_at`, `updated_at`, `deleted_at`) VALUES
(1, 1, 'hello admin this is good site', 1, NULL, NULL, NULL),
(2, 1, 'thanks', 0, NULL, NULL, NULL),
(3, 1, 'salam', 1, '2018-07-22 04:25:36', '2018-07-22 04:25:36', NULL),
(4, 1, 'یبیبی', 1, '2018-07-22 04:31:06', '2018-07-22 04:31:06', NULL),
(5, 1, 'dfd', 1, '2018-07-22 04:37:01', '2018-07-22 04:37:01', NULL),
(6, 1, 'sdsd\r\nsdfd', 1, '2018-07-22 04:37:07', '2018-07-22 04:37:07', NULL),
(7, 1, 'fddfdf', 1, '2018-07-22 04:37:10', '2018-07-22 04:37:10', NULL),
(8, 1, '445', 1, '2018-07-22 04:38:54', '2018-07-22 04:38:54', NULL),
(9, 1, '1', 1, '2018-07-22 04:39:09', '2018-07-22 04:39:09', NULL),
(10, 1, 'hello admin', 1, '2018-07-23 09:07:15', '2018-07-23 09:07:15', NULL);

-- --------------------------------------------------------

--
-- Table structure for table `univs`
--

CREATE TABLE IF NOT EXISTS `univs` (
  `id` int(10) unsigned NOT NULL AUTO_INCREMENT,
  `name` varchar(255) NOT NULL,
  `created_at` timestamp NULL DEFAULT NULL,
  `updated_at` timestamp NULL DEFAULT NULL,
  `deleted_at` timestamp NULL DEFAULT NULL,
  PRIMARY KEY (`id`)
) ENGINE=InnoDB  DEFAULT CHARSET=utf8 AUTO_INCREMENT=380 ;

--
-- Dumping data for table `univs`
--

INSERT INTO `univs` (`id`, `name`, `created_at`, `updated_at`, `deleted_at`) VALUES
(1, 'دانشگاه اصفهان\n', NULL, NULL, NULL),
(2, 'دانشگاه اروميه\n', NULL, NULL, NULL),
(3, 'دانشگاه الزهراء\n', NULL, NULL, NULL),
(4, 'دانشگاه بوعلي سينا همدان\n', NULL, NULL, NULL),
(5, 'دانشگاه پيام نور\n', NULL, NULL, NULL),
(6, 'دانشگاه تبريز\n', NULL, NULL, NULL),
(7, 'دانشگاه تربيت مدرس\n', NULL, NULL, NULL),
(8, 'دانشگاه تربيت معلم تهران\n', NULL, NULL, NULL),
(9, 'دانشگاه تهران\n', NULL, NULL, NULL),
(10, 'دانشگاه رازي\n', NULL, NULL, NULL),
(11, 'دانشگاه سيستان و بلوچستان\n', NULL, NULL, NULL),
(12, 'دانشگاه شهيد باهنر كرمان\n', NULL, NULL, NULL),
(13, 'دانشگاه شهيد بهشتي\n', NULL, NULL, NULL),
(14, 'دانشگاه شهيد چمران\n', NULL, NULL, NULL),
(15, 'دانشگاه شيراز\n', NULL, NULL, NULL),
(16, 'دانشگاه صنعتي اصفهان\n', NULL, NULL, NULL),
(17, 'دانشگاه صنعتي اميركبير\n', NULL, NULL, NULL),
(18, 'دانشگاه صنعتي خواجه نصير الدين طوسي\n', NULL, NULL, NULL),
(19, 'دانشگاه صنعتي شريف\n', NULL, NULL, NULL),
(20, 'دانشگاه صنعتي سهند تبريز\n', NULL, NULL, NULL),
(21, 'دانشگاه صنعتي شاهرود\n', NULL, NULL, NULL),
(22, 'دانشگاه علامه طباطبايي\n', NULL, NULL, NULL),
(23, 'دانشگاه علم و صنعت ايران\n', NULL, NULL, NULL),
(24, 'دانشگاه فردوسي مشهد\n', NULL, NULL, NULL),
(25, 'دانشگاه گيلان\n', NULL, NULL, NULL),
(26, 'دانشگاه مازندران\n', NULL, NULL, NULL),
(27, 'دانشگاه جامع علمي- كاربردي\n', NULL, NULL, NULL),
(28, 'دانشگاه اراك\n', NULL, NULL, NULL),
(29, 'دانشگاه ايلام\n', NULL, NULL, NULL),
(30, 'دانشگاه بيرجند\n', NULL, NULL, NULL),
(31, 'دانشگاه بين المللي امام خميني (ره)\n', NULL, NULL, NULL),
(32, 'دانشگاه زنجان\n', NULL, NULL, NULL),
(33, 'دانشگاه سمنان\n', NULL, NULL, NULL),
(34, 'دانشگاه شهركرد\n', NULL, NULL, NULL),
(35, 'دانشگاه علوم كشاورزي ومنابع طبيعي گرگان\n', NULL, NULL, NULL),
(36, 'دانشگاه كاشان\n', NULL, NULL, NULL),
(37, 'دانشگاه كردستان\n', NULL, NULL, NULL),
(38, 'دانشگاه لرستان\n', NULL, NULL, NULL),
(39, 'دانشگاه محقق اردبيلي\n', NULL, NULL, NULL),
(40, 'دانشگاه هنر\n', NULL, NULL, NULL),
(41, 'دانشگاه زابل\n', NULL, NULL, NULL),
(42, 'دانشگاه يزد\n', NULL, NULL, NULL),
(43, 'دانشگاه قم\n', NULL, NULL, NULL),
(44, 'دانشگاه تربيت معلم سبزوار\n', NULL, NULL, NULL),
(45, 'دانشگاه خليج فارس\n', NULL, NULL, NULL),
(46, 'دانشگاه هرمزگان\n', NULL, NULL, NULL),
(47, 'دانشگاه علوم پايه دامغان\n', NULL, NULL, NULL),
(48, 'دانشگاه ولي عصر(عج) رفسنجان\n', NULL, NULL, NULL),
(49, 'دانشگاه شهيد مدني\n', NULL, NULL, NULL),
(50, 'دانشگاه ياسوج\n', NULL, NULL, NULL),
(51, 'دانشگاه ملاير\n', NULL, NULL, NULL),
(52, 'دانشگاه بجنورد\n', NULL, NULL, NULL),
(53, 'دانشگاه هنر اصفهان\n', NULL, NULL, NULL),
(54, 'دانشگاه تفرش\n', NULL, NULL, NULL),
(55, 'دانشگاه صنعتي اراك\n', NULL, NULL, NULL),
(56, 'دانشگاه صنعتي شيراز\n', NULL, NULL, NULL),
(57, 'دانشگاه صنعتي اروميه\n', NULL, NULL, NULL),
(58, 'دانشگاه علوم بهزيستي و توانبخشي\n', NULL, NULL, NULL),
(59, 'دانشگاه هنر تبريز\n', NULL, NULL, NULL),
(60, 'دانشگاه كشاورزي و منابع طبيعي رامين\n', NULL, NULL, NULL),
(61, 'دانشگاه علوم و فنون دريايي خرمشهر\n', NULL, NULL, NULL),
(62, 'دانشگاه امام صادق(ع)\n', NULL, NULL, NULL),
(63, 'دانشگاه شاهد\n', NULL, NULL, NULL),
(64, 'دانشگاه مفيد\n', NULL, NULL, NULL),
(65, 'دانشگاه افسري امام علي (ع)         (وابسته به نيروي زميني ارتش جمهوري اسلامي ايران)\n', NULL, NULL, NULL),
(66, ' دانشگاه امـام حسين (ع)                (وابسته بــه سپاه پـاسداران انقلاب اسلامي)\n', NULL, NULL, NULL),
(67, 'دانشگاه عــــــالي دفاع ملّي            (وابسته بـه ارتش جمهوري اسلامي ايران)\n', NULL, NULL, NULL),
(68, 'دانشگاه صنعتي مـــالك اشتر           (وابسته بــه سازمان صنايع دفــاع)\n', NULL, NULL, NULL),
(69, 'دانشگاه علوم اسلامي رضوي          (وابسته به توليت آستان قدس رضوي)\n', NULL, NULL, NULL),
(70, 'دانشگاه علوم و فنون هوايي شهيد ستاري    (وابسته به نيروي هوايي ارتش جمهوري اسلامي ايران)\n', NULL, NULL, NULL),
(71, 'دانشگاه علوم دريايي امام خميني(ره)          (وابسته به نيروي دريايي ارتش جمهوري اسلامي ايران)\n', NULL, NULL, NULL),
(72, 'دانشگاه علوم انتظامي                            (وابسته به نيروي انتظامي جمهوري اسلامي ايران)\n', NULL, NULL, NULL),
(73, 'دانشگاه صنعت نفت                               (وابسته به وزارت نفت)\n', NULL, NULL, NULL),
(74, 'دانشكده حفاظت و بهداشت كار                ( وابسته به وزارت كار و امور اجتمايي)\n', NULL, NULL, NULL),
(75, 'دانشكده صنعت هواپيمايي كشوري             (وابسته به سازمان هواپيمايي كشوري)\n', NULL, NULL, NULL),
(76, 'دانشگاه صدا و سيما                           (وابسته به سازمان صدا و سيماي جمهوري اسلامي ايران)\n', NULL, NULL, NULL),
(77, 'دانشكده فرماندهي و ستاد - دافوس            (وابسته به ارتش جمهوري اسلامي ايران)\n', NULL, NULL, NULL),
(78, 'دانشكده فرماندهي و ستاد - دافوس            (وابسته به سپاه پاسداران انقلاب اسلامي ايران)\n', NULL, NULL, NULL),
(79, 'دانشكده علوم و فنون فارابي                        ( وابسته به ارتش جمهوري اسلامي ايران)\n', NULL, NULL, NULL),
(80, 'دانشگاه علوم قضايي و خدمات اداري            (وابسته به دادگستري – قوه قضائيه)\n', NULL, NULL, NULL),
(81, 'دانشكده روابط بين الملل                                   (وابسته به وزارت امور خارجه)\n', NULL, NULL, NULL),
(82, 'دانشكده علمي – كاربردي پست و مخابرات              (وابسته به پست و تلگراف و تلفن)\n', NULL, NULL, NULL),
(83, 'دانشگاه علوم و معارف قران کريم          (وابسته به سازمان حج و اوقاف و امور خيريه)\n', NULL, NULL, NULL),
(84, 'دانشگاه امام باقر(ع)         (وابسته به وزارت اطلاعات)\n', NULL, NULL, NULL),
(85, 'دانشكده خبر                   (وابسته به سازمان خبرگزاري جمهوري اسلامي ايران)\n', NULL, NULL, NULL),
(86, 'دانشگاه صنعت آب و برق (شهيد عباسپور)\n', NULL, NULL, NULL),
(87, 'دانشگاه معارف اسلامي\n', NULL, NULL, NULL),
(88, 'دانشگاه علوم اقتصادي\n', NULL, NULL, NULL),
(89, 'دانشگاه شهيد مطهري\n', NULL, NULL, NULL),
(90, 'دانشگاه تحصيلات تكميلي در علوم پايه زنجان\n', NULL, NULL, NULL),
(91, 'جامعه المصطفي العالميه (مركز جهاني علوم اسلامي)\n', NULL, NULL, NULL),
(92, 'مركز آموزش عالي تربيت مربي عقيدتي ، سياسي     (وابسته بـــــه سپاه پاسداران انقلاب اسلامي ايران)\n', NULL, NULL, NULL),
(93, 'مركز آموزش عالي كتابداري    (وابسته به كتابخانه ملّي جمهوري اسلامي ايران)\n', NULL, NULL, NULL),
(94, 'مركز آموزش عالي تعاون     (وابسته به وزارت تعاون)\n', NULL, NULL, NULL),
(95, 'مركز آموزش عالي ميراث فرهنگي      (وابسته به سازمان ميراث فرهنگي)\n', NULL, NULL, NULL),
(96, 'آموزشكده فني الكترونيك شيراز  (وابسته به وزارت دفاع و پشتيباني نيروهاي مسلح)\n', NULL, NULL, NULL),
(97, 'آموزشكده فني انرژي هسته اي بوشهر                (وابسته به سازمان انرژي اتمي)\n', NULL, NULL, NULL),
(98, 'آموزشكده فني توحيد اصفهان             (وابسته به وزارت معادن و فلزات)\n', NULL, NULL, NULL),
(99, 'آموزشكده هاي فني صنايع سنگين و سبك  (تهران- اراك- كرج- لاله جين- مشهد)   (وزارت صنايع)\n', NULL, NULL, NULL),
(100, 'آموزشكده فني نقشه برداري    (وابسته به سازمان جغرافيايي نيروهاي مسلح)\n', NULL, NULL, NULL),
(101, ' آموزشكده فني نقشه برداري    (وابسته به سازمان نقشه برداري كشور)\n', NULL, NULL, NULL),
(102, 'آموزشکده کشاورزي               (وابسته به وزارت کشاورزي)\n', NULL, NULL, NULL),
(103, 'آموزشكده تربيت بدني                     (وابسته به سازمان تربيت بدني ايران)\n', NULL, NULL, NULL),
(104, 'آموزشكده فني جنگ افزار سازي         (وابسته به وزارت دفاع و پشتيباني نيروهاي مسلح)\n', NULL, NULL, NULL),
(105, 'دانشکده آمار و انفورماتيك               (وابسته به سازمان سنجش آموزش كشور)\n', NULL, NULL, NULL),
(106, 'دانشکده حفاظت محيط زيست          (وابسته به سازمان حفاظت محيط زيست)\n', NULL, NULL, NULL),
(107, 'سازمان مديريت صنعتي                    (وابسته به سازمان مديريت صنعتي)\n', NULL, NULL, NULL),
(108, 'موسسه عالي پژوهش و برنامه ريزي      (وابسته به سازمان مديريت و برنامه ريزي كشور)\n', NULL, NULL, NULL),
(109, 'دانشگاه مذاهب اسلامي                      (وابسته به مجلس)\n', NULL, NULL, NULL),
(110, 'دانشگاه غيرانتفاعي- غيردولتي امام رضا (ع)\n', NULL, NULL, NULL),
(111, 'دانشگاه غيرانتفاعي- غيردولتي علم و فرهنگ   (موسسه آموزش عالي جهاد دانشگاهي سابق)\n', NULL, NULL, NULL),
(112, 'دانشگاه غيرانتفاعي- غيردولتي باقرالعلوم(ع)                    (موسسه آموزش عالي باقرالعلوم سابق)\n', NULL, NULL, NULL),
(113, 'دانشگاه غيرانتفاعي- غيردولتي علوم و فنون مازندران\n', NULL, NULL, NULL),
(114, 'دانشگاه غيرانتفاعي- غيردولتي شيخ بهائي\n', NULL, NULL, NULL),
(115, 'دانشكده اصول الدين\n', NULL, NULL, NULL),
(116, 'دانشكده الهيات و معارف اسلامي(هدي)\n', NULL, NULL, NULL),
(117, 'دانشگاه غيردولتي - غيرانتفاعي قران و حديث\n', NULL, NULL, NULL),
(118, 'دانشكده معارف قرآني- شهر اصفهان\n', NULL, NULL, NULL),
(119, 'موسسه آموزش عالي غيرانتفاعي- غيردولتي كار(رفسنجان- قزوين- خرمدره- تهران)\n', NULL, NULL, NULL),
(120, 'دانشگاه غيرانتفاعي- غيردولتي خيام- مشهد\n', NULL, NULL, NULL),
(121, 'موسسه توسعه دانش و پژوهش ايران\n', NULL, NULL, NULL),
(122, 'موسسه آموزش عالي غيرانتفاعي- غيردولتي آباداني و توسعه روستاها – همدان\n', NULL, NULL, NULL),
(123, 'موسسه آموزش عالي غيرانتفاعي- غيردولتي رجاء – قزوين\n', NULL, NULL, NULL),
(124, 'موسسه آموزش عالي غيرانتفاعي- غيردولتي امام علي(ع)\n', NULL, NULL, NULL),
(125, 'موسسه آموزش عالي غيرانتفاعي- غيردولتي بجنورد\n', NULL, NULL, NULL),
(126, 'دانشگاه غيرانتفاعي- غيردولتي صنعتي سجاد- مشهد\n', NULL, NULL, NULL),
(127, 'موسسه آموزش عالي غيرانتفاعي- غيردولتي توس\n', NULL, NULL, NULL),
(128, 'موسسه آموزش عالي غيرانتفاعي- غيردولتي راغب اصفهاني\n', NULL, NULL, NULL),
(129, 'موسسه آموزش عالي غيرانتفاعي- غيردولتي راهيان نور- شهر ساري\n', NULL, NULL, NULL),
(130, 'موسسه آموزش عالي غيرانتفاعي- غيردولتي رحمان\n', NULL, NULL, NULL),
(131, 'موسسه آموزش عالي غيرانتفاعي- غيردولتي معصوميه- شهر قم\n', NULL, NULL, NULL),
(132, 'موسسه آموزش عالي غيرانتفاعي- غيردولتي مولانا- آبيك قزوين\n', NULL, NULL, NULL),
(133, 'موسسه آموزش عالي غيرانتفاعي- غيردولتي رشد دانش- شهر سمنان\n', NULL, NULL, NULL),
(134, 'دانشگاه غيرانتفاعي- غيردولتي شهيد اشرفي اصفهاني\n', NULL, NULL, NULL),
(135, 'موسسه آموزش عالي غيرانتفاعي- غيردولتي چالوس\n', NULL, NULL, NULL),
(136, 'دانشگاه غيرانتفاعي- غيردولتي شمال\n', NULL, NULL, NULL),
(137, 'موسسه آموزش عالي غيرانتفاعي- غيردولتي ارشاد- دماوند\n', NULL, NULL, NULL),
(138, 'موسسه آموزش عالي غيرانتفاعي- غيردولتي سبلان\n', NULL, NULL, NULL),
(139, 'دانشگاه غيرانتفاعي- غيردولتي سوره\n', NULL, NULL, NULL),
(140, 'موسسه آموزش عالي غيرانتفاعي- غيردولتي سبز- شهر آمل\n', NULL, NULL, NULL),
(141, 'موسسه آموزش عالي غيرانتفاعي- غيردولتي سراج- شهر تبريز\n', NULL, NULL, NULL),
(142, 'موسسه آموزش عالي غيرانتفاعي- غيردولتي سلمان- شهر مشهد\n', NULL, NULL, NULL),
(143, 'موسسه آموزش عالي غيرانتفاعي- غيردولتي قشم(منطقه آزاد قشم)\n', NULL, NULL, NULL),
(144, 'موسسه آموزش عالي غيرانتفاعي- غيردولتي حسابداري و مديريت آذربايجان\n', NULL, NULL, NULL),
(145, 'موسسه آموزش عالي غيرانتفاعي- غيردولتي نبي اكرم(ص)\n', NULL, NULL, NULL),
(146, 'موسسه آموزش عالي غيرانتفاعي- غيردولتي توحيد- در گلوگاه- شهر مازندران\n', NULL, NULL, NULL),
(147, 'موسسه آموزش عالي غيرانتفاعي- غيردولتي پژوهش صنايع ايران\n', NULL, NULL, NULL),
(148, 'موسسه آموزش عالي غيرانتفاعي- غيردولتي كيش\n', NULL, NULL, NULL),
(149, 'موسسه آموزش عالي غيرانتفاعي- غيردولتي طبرستان\n', NULL, NULL, NULL),
(150, 'دانشگاه غيرانتفاعي- غيردولتي خاتم\n', NULL, NULL, NULL),
(151, 'موسسه آموزش عالي غيرانتفاعي- غيردولتي جواد- شهر يزد\n', NULL, NULL, NULL),
(152, 'موسسه آموزش عالي غيرانتفاعي- غيردولتي جهاد دانشگاهي خوزستان(اهواز)\n', NULL, NULL, NULL),
(153, 'موسسه آموزش عالي غيرانتفاعي- غيردولتي جهاد دانشگاهي استان يزد\n', NULL, NULL, NULL),
(154, 'موسسه آموزش عالي غيرانتفاعي- غيردولتي صدرالمتالهين\n', NULL, NULL, NULL),
(155, 'موسسه آموزش عالي غيرانتفاعي- غيردولتي صفاهان\n', NULL, NULL, NULL),
(156, 'موسسه آموزش عالي غيرانتفاعي- غيردولتي هدف\n', NULL, NULL, NULL),
(157, 'موسسه آموزش عالي غيرانتفاعي- غيردولتي نجف آباد\n', NULL, NULL, NULL),
(158, 'موسسه آموزشي و پژوهشي امام خميني(ره)\n', NULL, NULL, NULL),
(159, 'موسسه آموزش عالي غيرانتفاعي- غيردولتي گنجنامه همدان\n', NULL, NULL, NULL),
(160, 'موسسه آموزش عالي غيرانتفاعي- غيردولتي خراسان\n', NULL, NULL, NULL),
(161, 'موسسه آموزش عالي غيرانتفاعي- غيردولتي آبا - آبيك قزوين\n', NULL, NULL, NULL),
(162, 'موسسه آموزش عالي غيرانتفاعي- غيردولتي اديبان – شهر گرمسار\n', NULL, NULL, NULL),
(163, 'موسسه آموزش عالي غيرانتفاعي- غيردولتي آذرآبادگان- شهر اروميه\n', NULL, NULL, NULL),
(164, 'موسسه آموزش عالي غيرانتفاعي- غيردولتي آباده- شهر آباده\n', NULL, NULL, NULL),
(165, 'موسسه آموزش عالي غيرانتفاعي- غيردولتي اثيرالدين ابهري- شهر ابهر\n', NULL, NULL, NULL),
(166, ' موسسه آموزش عالي غيرانتفاعي- غيردولتي اردبيل\n', NULL, NULL, NULL),
(167, 'موسسه آموزش عالي غيرانتفاعي- غيردولتي الوند- شهر همدان\n', NULL, NULL, NULL),
(168, 'موسسه آموزش عالي غيرانتفاعي- غيردولتي آيندگان- شهر تنكابن\n', NULL, NULL, NULL),
(169, 'موسسه آموزش عالي غيرانتفاعي- غيردولتي انديشه جهرم – شهر جهرم\n', NULL, NULL, NULL),
(170, 'موسسه آموزش عالي غيرانتفاعي- غيردولتي صبح صادق – اصفهان\n', NULL, NULL, NULL),
(171, 'موسسه آموزش عالي غيرانتفاعي- غيردولتي سپهر- اصفهان\n', NULL, NULL, NULL),
(172, 'موسسه آموزش عالي غيرانتفاعي- غيردولتي سنائي- اصفهان\n', NULL, NULL, NULL),
(173, 'موسسه آموزش عالي غيرانتفاعي- غيردولتي سبلان\n', NULL, NULL, NULL),
(174, 'موسسه آموزش عالي غيرانتفاعي- غيردولتي حکيم توس مشهد\n', NULL, NULL, NULL),
(175, 'موسسه آموزش عالي غيرانتفاعي- غيردولتي بينالود- شهر مشهد\n', NULL, NULL, NULL),
(176, '       موسسه آموزش عالي غيرانتفاعي- غيردولتي بهار- شهر مشهد\n', NULL, NULL, NULL),
(177, 'موسسه آموزش عالي غيرانتفاعي- غيردولتي صنعتي فولاد شهر- اصفهان\n', NULL, NULL, NULL),
(178, 'موسسه آموزش عالي غيرانتفاعي- غيردولتي  معارف قرآني – اصفهان\n', NULL, NULL, NULL),
(179, 'موسسه آموزش عالي غيرانتفاعي- غيردولتي المهدي – شهر اصفهان\n', NULL, NULL, NULL),
(180, 'موسسه آموزش عالي غيرانتفاعي- غيردولتي انديشه جهرم\n', NULL, NULL, NULL),
(181, 'موسسه آموزش عالي غيرانتفاعي- غيردولتي  علوم و فن آوري سپاهان- اصفهان\n', NULL, NULL, NULL),
(182, 'موسسه آموزش عالي غيرانتفاعي- غيردولتي آرادان – شهر گرمسار\n', NULL, NULL, NULL),
(183, 'موسسه آموزش عالي غيرانتفاعي- غيردولتي جندي شاپور- اهواز\n', NULL, NULL, NULL),
(184, 'موسسه آموزش عالي غيرانتفاعي- غيردولتي باختر – ايلام\n', NULL, NULL, NULL),
(185, 'موسسه آموزش عالي غيرانتفاعي- غيردولتي آمل- شهر آمل\n', NULL, NULL, NULL),
(186, 'موسسه آموزش عالي غيرانتفاعي- غيردولتي راه دانش- بابل\n', NULL, NULL, NULL),
(187, 'موسسه آموزش عالي غيرانتفاعي- غيردولتي بابل\n', NULL, NULL, NULL),
(188, 'موسسه آموزش عالي غيرانتفاعي- غيردولتي پارسا- بابلسر\n', NULL, NULL, NULL),
(189, 'موسسه آموزش عالي غيرانتفاعي- غيردولتي پارس- در شهر مهر فارس\n', NULL, NULL, NULL),
(190, 'موسسه آموزش عالي غيرانتفاعي- غيردولتي سراج- تبريز\n', NULL, NULL, NULL),
(191, 'موسسه آموزش عالي غيرانتفاعي- غيردولتي دانشوران- شهر تبريز\n', NULL, NULL, NULL),
(192, 'موسسه آموزش عالي غيرانتفاعي- غيردولتي فردوس\n', NULL, NULL, NULL),
(193, 'موسسه آموزش عالي غيرانتفاعي- غيردولتي طبري بابل\n', NULL, NULL, NULL),
(194, 'دانشكده فني و مهندسي بجنورد- بجنورد\n', NULL, NULL, NULL),
(195, 'دانشكده فني و مهندسي گلپايگان\n', NULL, NULL, NULL),
(196, 'آموزشكده فني تربت حيدريه- تربت حيدريه\n', NULL, NULL, NULL),
(197, 'دانشگاه صنعتي جندي شاپور\n', NULL, NULL, NULL),
(198, 'موسسه آموزش عالي غيرانتفاعي- غيردولتي حكمت رضوي- شهر مشهد\n', NULL, NULL, NULL),
(199, 'موسسه آموزش عالي غيرانتفاعي- غيردولتي حكيم جرجاني- شهر گرگان\n', NULL, NULL, NULL),
(200, 'موسسه آموزش عالي غيرانتفاعي- غيردولتي ساريان\n', NULL, NULL, NULL),
(201, 'موسسه آموزش عالي غيرانتفاعي- غيردولتي البرز ( گسترده علم البرزسابق)\n', NULL, NULL, NULL),
(202, 'موسسه آموزش عالي غيرانتفاعي- غيردولتي نيما\n', NULL, NULL, NULL),
(203, 'موسسه آموزش عالي غيرانتفاعي- غيردولتي ايوانكي- شهر ايوانكي\n', NULL, NULL, NULL),
(204, 'موسسه آموزش عالي غيرانتفاعي- غيردولتي الغدير- شهر تبريز\n', NULL, NULL, NULL),
(205, 'موسسه آموزش عالي غيرانتفاعي- غيردولتي مهرگان\n', NULL, NULL, NULL),
(206, 'موسسه آموزش عالي غيرانتفاعي- غيردولتي ارس\n', NULL, NULL, NULL),
(207, 'دانشگاه غيرانتفاعي- غيردولتي اديان و مذاهب\n', NULL, NULL, NULL),
(208, 'موسسه آموزش عالي غيرانتفاعي- غيردولتي مطالعات و پژوهشهاي بازرگاني\n', NULL, NULL, NULL),
(209, 'موسسه آموزش عالي غيرانتفاعي- غيردولتي علمي – كاربردي هتلداري و جهانگردي\n', NULL, NULL, NULL),
(210, 'موسسه آموزش عالي غيرانتفاعي- غيردولتي پارس\n', NULL, NULL, NULL),
(211, 'موسسه آموزش عالي غيرانتفاعي- غيردولتي جابرابن حيان\n', NULL, NULL, NULL),
(212, 'موسسه آموزش عالي غيرانتفاعي- غيردولتي مولوي- ايوانكي\n', NULL, NULL, NULL),
(213, 'موسسه آموزش عالي غيرانتفاعي- غيردولتي اديب مازندران (خزر ساري سابق)\n', NULL, NULL, NULL),
(214, 'موسسه آموزش عالي غيرانتفاعي- غيردولتي خزر- محمود آباد\n', NULL, NULL, NULL),
(215, 'موسسه آموزش عالي غيرانتفاعي- غيردولتي علوم و فنون سپاهان\n', NULL, NULL, NULL),
(216, 'موسسه آموزش عالي غيرانتفاعي- غيردولتي علامه جعفري – رفسنجان\n', NULL, NULL, NULL),
(217, 'موسسه آموزش عالي غيرانتفاعي- غيردولتي رفسنجان- شهر رفسنجان\n', NULL, NULL, NULL),
(218, 'موسسه آموزش عالي غيرانتفاعي- غيردولتي رودكي- شهر تنكابن\n', NULL, NULL, NULL),
(219, 'موسسه آموزش عالي غيرانتفاعي- غيردولتي روزبهان- شهر ساري\n', NULL, NULL, NULL),
(220, 'موسسه آموزش عالي غيرانتفاعي- غيردولتي زرنديه\n', NULL, NULL, NULL),
(221, 'موسسه آموزش عالي غيرانتفاعي- غيردولتي جهاد دانشگاهي رشت\n', NULL, NULL, NULL),
(222, 'موسسه آموزش عالي غيرانتفاعي- غيردولتي انديشه – جهرم\n', NULL, NULL, NULL),
(223, 'موسسه آموزش عالي غيرانتفاعي- غيردولتي رفسنجان\n', NULL, NULL, NULL),
(224, 'موسسه آموزش عالي غيرانتفاعي- غيردولتي هاتف – زاهدان\n', NULL, NULL, NULL),
(225, 'موسسه آموزش عالي غيرانتفاعي- غيردولتي عبدالرحمن صوفي- زنجان\n', NULL, NULL, NULL),
(226, 'موسسه آموزش عالي غيرانتفاعي- غيردولتي پيام گلپايگان\n', NULL, NULL, NULL),
(227, 'موسسه آموزش عالي غيرانتفاعي- غيردولتي مهر آستان\n', NULL, NULL, NULL),
(228, 'موسسه آموزش عالي غيرانتفاعي- غيردولتي گلستان – گرگان\n', NULL, NULL, NULL),
(229, 'موسسه آموزش عالي غيرانتفاعي- غيردولتي ساري\n', NULL, NULL, NULL),
(230, 'موسسه آموزش عالي غيرانتفاعي- غيردولتي سارويه- ساري\n', NULL, NULL, NULL),
(231, 'موسسه آموزش عالي غيرانتفاعي- غيردولتي روز بهان- ساري\n', NULL, NULL, NULL),
(232, 'موسسه آموزش عالي غيرانتفاعي- غيردولتي قدر\n', NULL, NULL, NULL),
(233, 'موسسه آموزش عالي غيرانتفاعي- غيردولتي بصير آبيك\n', NULL, NULL, NULL),
(234, 'موسسه آموزش عالي غيرانتفاعي- غيردولتي اثيرالدين ابهري\n', NULL, NULL, NULL),
(235, 'موسسه آموزش عالي غيرانتفاعي- غيردولتي حكمت رضوي\n', NULL, NULL, NULL),
(236, 'موسسه آموزش عالي غيرانتفاعي- غيردولتي كومش\n', NULL, NULL, NULL),
(237, 'موسسه آموزش عالي غيرانتفاعي- غيردولتي جابربن حيان\n', NULL, NULL, NULL),
(238, 'موسسه آموزش عالي غيرانتفاعي- غيردولتي حافظ- شهر شيراز\n', NULL, NULL, NULL),
(239, 'موسسه آموزش عالي غيرانتفاعي- غيردولتي مقدس اردبيلي\n', NULL, NULL, NULL),
(240, 'موسسه آموزش عالي غيرانتفاعي- غيردولتي اردبيل\n', NULL, NULL, NULL),
(241, 'موسسه آموزش عالي غيرانتفاعي- غيردولتي علامه قزويني\n', NULL, NULL, NULL),
(242, 'موسسه آموزش عالي غيرانتفاعي- غيردولتي پاسارگاد- شهر شيراز\n', NULL, NULL, NULL),
(243, 'موسسه آموزش عالي غيرانتفاعي- غيردولتي پيام گلپايگان\n', NULL, NULL, NULL),
(244, 'موسسه آموزش عالي غيرانتفاعي- غيردولتي تابناك\n', NULL, NULL, NULL),
(245, 'موسسه آموزش عالي غيرانتفاعي- غيردولتي تابران- شهر مشهد\n', NULL, NULL, NULL),
(246, 'موسسه آموزش عالي غيرانتفاعي- غيردولتي خاوران- شهر مشهد\n', NULL, NULL, NULL),
(247, 'موسسه آموزش عالي غيرانتفاعي- غيردولتي خواجوي كرماني- شهر كرمان\n', NULL, NULL, NULL),
(248, 'موسسه آموزش عالي غيرانتفاعي- غيردولتي دانش پژوهان سپاهان- شهر اصفهان\n', NULL, NULL, NULL),
(249, 'موسسه آموزش عالي غيرانتفاعي- غيردولتي مازيار- رويان نور\n', NULL, NULL, NULL),
(250, 'موسسه آموزش عالي غيرانتفاعي- غيردولتي سينا- شهر كاشان\n', NULL, NULL, NULL),
(251, 'موسسه آموزش عالي غيرانتفاعي- غيردولتي شاهرود\n', NULL, NULL, NULL),
(252, 'موسسه آموزش عالي غيرانتفاعي- غيردولتي شرق\n', NULL, NULL, NULL),
(253, 'موسسه آموزش عالي غيرانتفاعي- غيردولتي شفق در تنكابن- مازندران\n', NULL, NULL, NULL),
(254, 'موسسه آموزش عالي غيرانتفاعي- غيردولتي شهاب دانش- شهر قم\n', NULL, NULL, NULL),
(255, 'موسسه آموزش عالي غيرانتفاعي- غيردولتي صفاهان\n', NULL, NULL, NULL),
(256, 'موسسه آموزش عالي غيرانتفاعي- غيردولتي صنعتي مازندران\n', NULL, NULL, NULL),
(257, 'موسسه آموزش عالي غيرانتفاعي- غيردولتي صنعتي مراغه\n', NULL, NULL, NULL),
(258, 'موسسه آموزش عالي غيرانتفاعي- غيردولتي كومش- سمنان\n', NULL, NULL, NULL),
(259, 'موسسه آموزش عالي غيرانتفاعي- غيردولتي زند- شهر شيراز\n', NULL, NULL, NULL),
(260, 'موسسه آموزش عالي غيرانتفاعي- غيردولتي شاهرود\n', NULL, NULL, NULL),
(261, 'موسسه آموزش عالي غيرانتفاعي- غيردولتي آرين- شهر شيراز\n', NULL, NULL, NULL),
(262, 'موسسه آموزش عالي غيرانتفاعي- غيردولتي آفرينش- شهر بروجرد\n', NULL, NULL, NULL),
(263, 'موسسه آموزش عالي غيرانتفاعي- غيردولتي بروجرد\n', NULL, NULL, NULL),
(264, 'موسسه آموزش عالي غيرانتفاعي- غيردولتي بعثت- شهر كرمان\n', NULL, NULL, NULL),
(265, 'موسسه آموزش عالي غيرانتفاعي- غيردولتي پاسارگاد- شيراز\n', NULL, NULL, NULL),
(266, ' موسسه آموزش عالي غيرانتفاعي- غيردولتي سنا- شهر ساري\n', NULL, NULL, NULL),
(267, 'موسسه آموزش عالي غيرانتفاعي- غيردولتي نهاوند\n', NULL, NULL, NULL),
(268, 'موسسه آموزش عالي غيرانتفاعي- غيردولتي هراز\n', NULL, NULL, NULL),
(269, 'موسسه آموزش عالي غيرانتفاعي- غيردولتي بزرگمهر\n', NULL, NULL, NULL),
(270, 'موسسه آموزش عالي غيرانتفاعي- غيردولتي گلستان- گرگان\n', NULL, NULL, NULL),
(271, 'موسسه آموزش عالي غيرانتفاعي- غيردولتي انديشمند- لاهيجان\n', NULL, NULL, NULL),
(272, 'موسسه آموزش عالي غيرانتفاعي- غيردولتي مارليك- شهر نوشهر\n', NULL, NULL, NULL),
(273, 'موسسه آموزش عالي غيرانتفاعي- غيردولتي مجازي نور طوبي- شهر تهران\n', NULL, NULL, NULL),
(274, 'موسسه آموزش عالي غيرانتفاعي- غيردولتي لاهيجان\n', NULL, NULL, NULL),
(275, 'موسسه آموزش عالي غيرانتفاعي- غيردولتي صنعتي مازندران\n', NULL, NULL, NULL),
(276, 'موسسه آموزش عالي غيرانتفاعي- غيردولتي صنعتي فولاد\n', NULL, NULL, NULL),
(277, 'موسسه آموزش عالي غيرانتفاعي- غيردولتي ارس- شهر تبريز\n', NULL, NULL, NULL),
(278, 'موسسه آموزش عالي غيرانتفاعي- غيردولتي مهرگان – محلات\n', NULL, NULL, NULL),
(279, 'موسسه آموزش عالي غيرانتفاعي- غيردولتي پارس مهر- فارس\n', NULL, NULL, NULL),
(280, 'موسسه آموزش عالي غيرانتفاعي- غيردولتي خاوران\n', NULL, NULL, NULL),
(281, 'موسسه آموزش عالي غيرانتفاعي- غيردولتي عطار- مشهد\n', NULL, NULL, NULL),
(282, 'موسسه آموزش عالي غيرانتفاعي- غيردولتي عبدالرحمن صوفي رازي- شهر زنجان\n', NULL, NULL, NULL),
(283, 'موسسه آموزش عالي غيرانتفاعي- غيردولتي عرفان- شهر كرمان\n', NULL, NULL, NULL),
(284, 'موسسه آموزش عالي غيرانتفاعي- غيردولتي علامه جعفري- شهر رفسنجان\n', NULL, NULL, NULL),
(285, 'موسسه آموزش عالي غيرانتفاعي- غيردولتي علامه رفيعي- شهر قزوين\n', NULL, NULL, NULL),
(286, 'موسسه آموزش عالي غيرانتفاعي- غيردولتي علامه فيض كاشاني\n', NULL, NULL, NULL),
(287, 'موسسه آموزش عالي غيرانتفاعي- غيردولتي علم و فن\n', NULL, NULL, NULL),
(288, 'موسسه آموزش عالي غيرانتفاعي- غيردولتي علوم و فنون سپاهان\n', NULL, NULL, NULL),
(289, 'موسسه آموزش عالي غيرانتفاعي- غيردولتي علاءالدوله سمناني- شهر گرمسار\n', NULL, NULL, NULL),
(290, 'موسسه آموزش عالي غيرانتفاعي- غيردولتي فيض الاسلام- شهر خميني شهر(اصفهان)\n', NULL, NULL, NULL),
(291, 'موسسه آموزش عالي غيرانتفاعي- غيردولتي كمال الملك- شهر نوشهر\n', NULL, NULL, NULL),
(292, 'موسسه آموزش عالي غيرانتفاعي- غيردولتي مولوي\n', NULL, NULL, NULL),
(293, 'موسسه آموزش عالي غيرانتفاعي- غيردولتي علامه اميني- در بهنمير مازندران\n', NULL, NULL, NULL),
(294, 'موسسه آموزش عالي غيرانتفاعي- غيردولتي سوره شيراز\n', NULL, NULL, NULL),
(295, 'موسسه آموزش عالي غيرانتفاعي- غيردولتي ميرداماد\n', NULL, NULL, NULL),
(296, 'موسسه آموزش عالي غيرانتفاعي- غيردولتي ديلمان- لاهيجان\n', NULL, NULL, NULL),
(297, 'موسسه آموزش عالي غيرانتفاعي- غيردولتي جواد- يزد\n', NULL, NULL, NULL),
(298, 'موسسه آموزش عالي غيرانتفاعي- غيردولتي شهيد رضايي- كرمانشاه\n', NULL, NULL, NULL),
(299, 'موسسه آموزش عالي غيرانتفاعي- غيردولتي مطهر- شهر مشهد\n', NULL, NULL, NULL),
(300, 'موسسه آموزش عالي غيرانتفاعي- غيردولتي علم و فن\n', NULL, NULL, NULL),
(301, 'موسسه آموزش عالي غيرانتفاعي- غيردولتي انديشمند لاهيجان\n', NULL, NULL, NULL),
(302, 'موسسه آموزش عالي غيرانتفاعي- غيردولتي سپهر اصفهان\n', NULL, NULL, NULL),
(303, 'موسسه آموزش عالي غيرانتفاعي- غيردولتي سمنگان\n', NULL, NULL, NULL),
(304, 'موسسه آموزش عالي غيرانتفاعي- غيردولتي شمس- شهر گنبد\n', NULL, NULL, NULL),
(305, 'موسسه آموزش عالي غيرانتفاعي- غيردولتي رايانه اي\n', NULL, NULL, NULL),
(306, 'موسسه آموزش عالي غيرانتفاعي- غيردولتي لامعي گرگاني\n', NULL, NULL, NULL),
(307, 'موسسه پژوهشي حكمت و فلسفه\n', NULL, NULL, NULL),
(308, 'موسسه تحقيقات مخابرات ايران\n', NULL, NULL, NULL),
(309, 'موسسه تحقيقات شيلات ايران\n', NULL, NULL, NULL),
(310, 'مركز آموزش عالي غيردولتي- غيرانتفاعي اهل بيت(ع)- وابسته به مجمع جهاني اهل بيت(ع)\n', NULL, NULL, NULL),
(311, 'مركز ملّي تحقيقات مهندسي ژنتيك و تكنولوژي زيستي\n', NULL, NULL, NULL),
(312, 'مركز پژوهشهاي شيمي و مهندسي شيمي ايران\n', NULL, NULL, NULL),
(313, 'مركز تحقيقات نجوم و اختر فيزيك مراغه\n', NULL, NULL, NULL),
(314, 'مركز ملّي اقيانوس شناسي\n', NULL, NULL, NULL),
(315, 'سازمان پژوهشهاي علمي و صنعتي ايران\n', NULL, NULL, NULL),
(316, 'سازمان مطالعه و تدوين كتب علوم انساني دانشگاه ها(سمت)\n', NULL, NULL, NULL),
(317, 'پژوهشگاه بين المللي زلزله شناسي و مهندسي زلزله\n', NULL, NULL, NULL),
(318, 'پژوهشگاه مواد و انرژي\n', NULL, NULL, NULL),
(319, 'پژوهشگاه دانشهاي بنيادي (مركز تحقيقات فيزيك نظري و رياضيات)\n', NULL, NULL, NULL),
(320, 'پژوهشگاه پليمر ايران\n', NULL, NULL, NULL),
(321, 'پژوهشگاه علوم انساني و مطالعات فرهنگي\n', NULL, NULL, NULL),
(322, 'پژوهشكده ساختمان و مسكن             (وابسته به وزارت مسكن)\n', NULL, NULL, NULL),
(323, 'پژوهشكده فرهنگ و هنر اسلامي          (سازمان تبليغات اسلامي)\n', NULL, NULL, NULL),
(324, 'پژوهشگاه ليزر    (سازمان انرژي اتمي ايران)\n', NULL, NULL, NULL),
(325, 'پژوهشگاه هوا و فضا  (ماهواره)\n', NULL, NULL, NULL),
(326, 'پژوهشكده حوزه و دانشگاه\n', NULL, NULL, NULL),
(327, 'پژوهشكده الكترونيك و مخابرات شهيد بهشتي    (وابسته به وزارت دفاع وپشتيباني نيروهاي مسلح)\n', NULL, NULL, NULL),
(328, 'پژوهشكده علوم زمين   (سازمان زمين شناسي و اكتشاف معدني كشور)\n', NULL, NULL, NULL),
(329, 'پژوهشكده صنعت نفت\n', NULL, NULL, NULL),
(330, 'پژوهشكده حمل و نقل\n', NULL, NULL, NULL),
(331, 'پژوهشكده اسناد                      (كتابخانه ملي)\n', NULL, NULL, NULL),
(332, 'پژوهشكده بيمه                         (بيمه مركزي)\n', NULL, NULL, NULL),
(333, 'پژوهشكده حمل و نقل                 (راه و ترابري)\n', NULL, NULL, NULL),
(334, 'پژوهشكده هنر                          (فرهنگستان هنر)\n', NULL, NULL, NULL),
(335, 'پژوهشكده ميكرو الكترونيك         (سازمان گسترش و نوسازي)\n', NULL, NULL, NULL),
(336, 'پژوهشكده امام خميني و انقلاب اسلامي(ره)\n', NULL, NULL, NULL),
(337, 'پژوهشكده علوم شناختي\n', NULL, NULL, NULL),
(338, 'دانشگاه آيت الله بروجردي (ره)\n', NULL, NULL, NULL),
(339, 'دانشگاه حضرت معصومه\n', NULL, NULL, NULL),
(340, 'مجتمع آموزش عالي بناب\n', NULL, NULL, NULL),
(341, 'موسسه آموزش عالي غيرانتفاعي- غيردولتي روزبه- زنجان\n', NULL, NULL, NULL),
(342, 'موسسه آموزش عالي غيرانتفاعي- غيردولتي فارابي\n', NULL, NULL, NULL),
(343, 'موسسه آموزش عالي غيرانتفاعي- غيردولتي ميرعماد- قزوين\n', NULL, NULL, NULL),
(344, 'موسسه آموزش عالي غيرانتفاعي- غيردولتي فروردين- قائمشهر\n', NULL, NULL, NULL),
(345, 'موسسه آموزش عالي غيرانتفاعي- غيردولتي گلستان - شرق\n', NULL, NULL, NULL),
(346, 'دانشگاه فرهنگيان\n', NULL, NULL, NULL),
(347, 'دانشگاه فني و حرفه اي\n', NULL, NULL, NULL),
(348, 'دانشگاه فناوري هاي نوين آمل\n', NULL, NULL, NULL),
(349, 'دانشگاه علم و فناوري مازندران\n', NULL, NULL, NULL),
(350, 'موسسه آموزش عالي غير دولتي- غير انتفاعي سفير دانش\n', NULL, NULL, NULL),
(351, 'موسسه آموزش عالي غير دولتي- غير انتفاعي شمس تبريزي\n', NULL, NULL, NULL),
(352, 'موسسه آموزش عالي غير دولتي- غير انتفاعي انرژي\n', NULL, NULL, NULL),
(353, 'موسسه آموزش عالي غير دولتي- غير انتفاعي علوم و فناوري آريان (ايرانيکا سابق)\n', NULL, NULL, NULL),
(354, 'موسسه آموزش عالي غير دولتي- غير انتفاعي ايمان و دانش\n', NULL, NULL, NULL),
(355, 'موسسه آموزش عالي غير دولتي- غير انتفاعي طلوع\n', NULL, NULL, NULL),
(356, 'موسسه آموزش عالي غير دولتي- غير انتفاعي کادوس\n', NULL, NULL, NULL),
(357, 'موسسه آموزش عالي غير دولتي- غير انتفاعي رضويه\n', NULL, NULL, NULL),
(358, 'موسسه آموزش عالي غير دولتي- غير انتفاعي سردار جنگل\n', NULL, NULL, NULL),
(359, 'موسسه آموزش عالي غير دولتي- غير انتفاعي ميزان\n', NULL, NULL, NULL),
(360, 'موسسه آموزش عالي غير انتفاعي- غير دولتي پارسيان- قزوين\n', NULL, NULL, NULL),
(361, 'موسسه آموزش عالي غير انتفاعي- غيردولتي هرمزان بيرجند\n', NULL, NULL, NULL),
(362, 'دانشگاه غير انتفاعي- غيردولتي علم و هنر يزد\n', NULL, NULL, NULL),
(363, 'موسسه آموزش عالي غير انتفاعي- غيردولتي جويندگان علم\n', NULL, NULL, NULL),
(364, 'موسسه آموزش عالي غير انتفاعي- غيردولتي احرار\n', NULL, NULL, NULL),
(365, 'موسسه آموزش عالي غير انتفاعي- غيردولتي ابرار\n', NULL, NULL, NULL),
(366, 'موسسه آموزش عالي غير انتفاعي- غيردولتي - مجازي ايرانيان\n', NULL, NULL, NULL),
(367, 'موسسه آموزش عالي غير انتفاعي- غيردولتي معماري و هنر پارس\n', NULL, NULL, NULL),
(368, 'موسسه آموزش عالي غير انتفاعي- غيردولتي فاران\n', NULL, NULL, NULL),
(369, 'دانشگاه غير انتفاعي - غير دولتي عدالت\n', NULL, NULL, NULL),
(370, 'دانشگاه شهداي هويزه\n', NULL, NULL, NULL),
(371, 'دانشگاه اردکان\n', NULL, NULL, NULL),
(372, 'دانشگاه آيت اله حائري ميبدي\n', NULL, NULL, NULL),
(373, 'مرکز آموزش عالي محلات\n', NULL, NULL, NULL),
(374, 'مرکز آموزش عالي بوئين زهرا\n', NULL, NULL, NULL),
(375, 'مرکز آموزش عالي کاشمر\n', NULL, NULL, NULL),
(376, 'دانشگاه صنعتي سيرجان\n', NULL, NULL, NULL),
(377, 'دانشگاه فسا\n', NULL, NULL, NULL),
(378, 'دانشکده رياضي و کامپيوتر خوانسار\n', NULL, NULL, NULL),
(379, 'موسسه آموزش عالي غير دولتي - غير انتفاعي فراز گچساران\n', NULL, NULL, NULL);

-- --------------------------------------------------------

--
-- Table structure for table `users`
--

CREATE TABLE IF NOT EXISTS `users` (
  `id` int(10) unsigned NOT NULL AUTO_INCREMENT,
  `name` varchar(191) CHARACTER SET utf8mb4 COLLATE utf8mb4_unicode_ci NOT NULL,
  `email` varchar(191) CHARACTER SET utf8mb4 COLLATE utf8mb4_unicode_ci NOT NULL,
  `password` varchar(191) CHARACTER SET utf8mb4 COLLATE utf8mb4_unicode_ci NOT NULL,
  `phone_number` varchar(191) CHARACTER SET utf8mb4 COLLATE utf8mb4_unicode_ci DEFAULT NULL,
  `remember_token` varchar(100) CHARACTER SET utf8mb4 COLLATE utf8mb4_unicode_ci DEFAULT NULL,
  `created_at` timestamp NULL DEFAULT NULL,
  `updated_at` timestamp NULL DEFAULT NULL,
  `deleted_at` timestamp NULL DEFAULT NULL,
  PRIMARY KEY (`id`),
  UNIQUE KEY `users_email_unique` (`email`)
) ENGINE=InnoDB  DEFAULT CHARSET=utf8 AUTO_INCREMENT=4 ;

--
-- Dumping data for table `users`
--

INSERT INTO `users` (`id`, `name`, `email`, `password`, `phone_number`, `remember_token`, `created_at`, `updated_at`, `deleted_at`) VALUES
(1, 'mohsen', 'mohsen@gmail.com', '$2y$10$GHDXpzxJMesFStGt24wuce9ckvBJr3jN7QucI9j2Qbxbq/bgvBSI.', '09145821998', '9XkZacM1mQkr88LWGorhhYNKZwRvQPPD9fiMJYZFSNMjambRDpu2XFh4Sj04', NULL, '2018-07-22 04:42:40', NULL),
(2, 'Mohsen', 'mohsenfarjami340@gmail.com', '$2y$10$GHDXpzxJMesFStGt24wuce9ckvBJr3jN7QucI9j2Qbxbq/bgvBSI.', '09145821998', 'USPPjX5F37ncx2qbPKq2LsEhKH5bySAtqZactzeHuFf0ImBJadss2tw8IxBA', '2018-07-18 07:30:14', '2018-07-18 07:30:14', NULL),
(3, 'Mohsen', 'mohsen2@gmail.com', '$2y$10$xgmcAJ7kyBo4Pa2V7ULu7uvjcdeTX59aqbNWbciAvTD5USrjZCUc.', '09145821998', 'LHsgQnM3IMiTgoSOzn6DMPhpl4Qr0GcxN1N12HzWdFHXz2713VbWKHUPNWj2', '2018-07-20 05:40:17', '2018-07-24 07:10:51', NULL);

-- --------------------------------------------------------

--
-- Table structure for table `user_full_informations`
--

CREATE TABLE IF NOT EXISTS `user_full_informations` (
  `id` int(10) unsigned NOT NULL AUTO_INCREMENT,
  `user_id` int(11) NOT NULL,
  `bank_account_id` varchar(191) CHARACTER SET utf8mb4 COLLATE utf8mb4_unicode_ci NOT NULL,
  `bank_card_id` varchar(191) CHARACTER SET utf8mb4 COLLATE utf8mb4_unicode_ci NOT NULL,
  `bank_account_owner_name` varchar(191) CHARACTER SET utf8mb4 COLLATE utf8mb4_unicode_ci NOT NULL,
  `created_at` timestamp NULL DEFAULT NULL,
  `updated_at` timestamp NULL DEFAULT NULL,
  `deleted_at` timestamp NULL DEFAULT NULL,
  PRIMARY KEY (`id`)
) ENGINE=InnoDB  DEFAULT CHARSET=utf8 AUTO_INCREMENT=2 ;

--
-- Dumping data for table `user_full_informations`
--

INSERT INTO `user_full_informations` (`id`, `user_id`, `bank_account_id`, `bank_card_id`, `bank_account_owner_name`, `created_at`, `updated_at`, `deleted_at`) VALUES
(1, 1, '5545', '8877', 'محسن', '2018-07-03 19:30:00', '2018-07-23 09:06:46', NULL);

/*!40101 SET CHARACTER_SET_CLIENT=@OLD_CHARACTER_SET_CLIENT */;
/*!40101 SET CHARACTER_SET_RESULTS=@OLD_CHARACTER_SET_RESULTS */;
/*!40101 SET COLLATION_CONNECTION=@OLD_COLLATION_CONNECTION */;
